:020000040800F2
:1000000000500020257100081D70000825700008B0
:100010002D700008357000083D70000800000000D9
:100020000000000000000000000000004570000813
:1000300051700008000000005D7000086970000841
:100040006D7100086D7100086D7100086D71000818
:100050006D7100086D7100086D7100086D71000808
:100060006D7100086D7100086D7100086D710008F8
:100070006D710008757000086D7100086D710008E1
:10008000897000086D7100086D7100086D710008BD
:100090006D7100086D7100086D7100086D710008C8
:1000A0006D7100086D7100086D7100086D710008B8
:1000B0009D7000086D7100086D7100086D71000879
:1000C0006D7100086D7100086D7100086D71000898
:1000D0006D7100086D710008315F00086D710008D6
:1000E000B17000086D7100086D710008000000001B
:1000F0000000000000000000000000000000000000
:0C01000000000000000000005FF808F1A3
:1001100010B5054C237833B9044B13B10448AFF341
:1001200000800123237010BD780000200000000033
:10013000CCB0000808B5034B1BB103490348AFF32B
:10014000008008BD000000007C000020CCB000084A
:1001500081F0004102E000BF83F0004330B54FEA78
:1001600041044FEA430594EA050F08BF90EA020FE5
:100170001FBF54EA000C55EA020C7FEA645C7FEA78
:10018000655C00F0E2804FEA5454D4EB5555B8BF9B
:100190006D420CDD2C4480EA020281EA030382EA0C
:1001A000000083EA010180EA020281EA0303362D9E
:1001B00088BF30BD11F0004F4FEA01314FF4801C71
:1001C0004CEA113102D0404261EB410113F0004F83
:1001D0004FEA03334CEA133302D0524263EB43033A
:1001E00094EA050F00F0A780A4F10104D5F1200ED8
:1001F0000DDB02FA0EFC22FA05F2801841F1000133
:1002000003FA0EF2801843FA05F359410EE0A5F106
:1002100020050EF1200E012A03FA0EFC28BF4CF037
:10022000020C43FA05F3C01851EBE37101F00045ED
:1002300007D54FF0000EDCF1000C7EEB00006EEBFA
:100240000101B1F5801F1BD3B1F5001F0CD3490884
:100250005FEA30004FEA3C0C04F101044FEA4452DB
:1002600012F5800F80F09A80BCF1004F08BF5FEA62
:10027000500C50F1000041EB045141EA050130BD42
:100280005FEA4C0C404141EB0101013C28BFB1F554
:10029000801FE9D291F0000F04BF01460020B1FA9F
:1002A00081F308BF2033A3F10B03B3F120020CDA72
:1002B0000C3208DD02F1140CC2F10C0201FA0CF050
:1002C00021FA02F10CE002F11402D8BFC2F1200CB5
:1002D00001FA02F120FA0CFCDCBF41EA0C0190406B
:1002E000E41AA2BF01EB0451294330BD6FEA0404B4
:1002F0001F3C1CDA0C340EDC04F11404C4F120029F
:1003000020FA04F001FA02F340EA030021FA04F3B0
:1003100045EA030130BDC4F10C04C4F1200220FA07
:1003200002F001FA04F340EA0300294630BD21FA45
:1003300004F0294630BD94F0000F83F4801306BF0B
:1003400081F480110134013D4EE77FEA645C18BFFF
:100350007FEA655C29D094EA050F08BF90EA020F96
:1003600005D054EA000C04BF1946104630BD91EA8E
:10037000030F1EBF0021002030BD5FEA545C05D191
:100380004000494128BF41F0004130BD14F58004D0
:100390003CBF01F5801130BD01F0004545F0FE4144
:1003A00041F470014FF0000030BD7FEA645C1ABF79
:1003B000194610467FEA655C1CBF0B46024650EAB0
:1003C000013406BF52EA033591EA030F41F40021DC
:1003D00030BD00BF90F0000F04BF0021704730B562
:1003E0004FF4806404F132044FF000054FF0000137
:1003F00050E700BF90F0000F04BF0021704730B5F8
:100400004FF4806404F1320410F0004548BF4042CC
:100410004FF000013EE700BF42004FEAE2014FEA21
:1004200031014FEA02701FBF12F07F4393F07F4FFC
:1004300081F06051704732F07F4208BF704793F0FF
:100440007F4F04BF41F40021704730B54FF4607412
:1004500001F0004521F000411CE700BF50EA010215
:1004600008BF704730B54FF000050AE050EA0102BE
:1004700008BF704730B511F0004502D5404261EB2E
:1004800041014FF4806404F132045FEA915C3FF46F
:10049000D8AE4FF003025FEADC0C18BF03325FEA0C
:1004A000DC0C18BF033202EBDC02C2F1200300FABD
:1004B00003FC20FA02F001FA03FE40EA0E0021FAE2
:1004C00002F11444BDE600BF70B54FF0FF0C4CF4D0
:1004D000E06C1CEA11541DBF1CEA135594EA0C0F82
:1004E00095EA0C0F00F0DEF82C4481EA030621EABD
:1004F0004C5123EA4C5350EA013518BF52EA0335F8
:1005000041F4801143F4801338D0A0FB02CE4FF0A9
:100510000005E1FB02E506F00042E0FB03E54FF0D9
:100520000006E1FB03569CF0000F18BF4EF0010ED1
:10053000A4F1FF04B6F5007F64F5407404D25FEACD
:100540004E0E6D4146EB060642EAC62141EA555180
:100550004FEAC52040EA5E504FEACE2EB4F1FD0CC2
:1005600088BFBCF5E06F1ED8BEF1004F08BF5FEA40
:10057000500E50F1000041EB045170BD06F00046F2
:1005800046EA010140EA020081EA0301B4EB5C049F
:10059000C2BFD4EB0C0541EA045170BD41F4801197
:1005A0004FF0000E013C00F3AB8014F1360FDEBFBC
:1005B000002001F0004170BDC4F10004203C35DA98
:1005C0000C341BDC04F11404C4F1200500FA05F31B
:1005D00020FA04F001FA05F240EA020001F00042BC
:1005E00021F0004110EBD37021FA04F642EB060132
:1005F0005EEA430E08BF20EAD37070BDC4F10C045C
:10060000C4F1200500FA04F320FA05F001FA04F21F
:1006100040EA020001F0004110EBD37041F100010B
:100620005EEA430E08BF20EAD37070BDC4F1200516
:1006300000FA05F24EEA020E20FA04F301FA05F27E
:1006400043EA020321FA04F001F0004121FA04F226
:1006500020EA020000EBD3705EEA430E08BF20EAF6
:10066000D37070BD94F0000F0FD101F00046400030
:1006700041EB010111F4801F08BF013CF7D041EAB2
:10068000060195F0000F18BF704703F000465200B6
:1006900043EB030313F4801F08BF013DF7D043EA87
:1006A0000603704794EA0C0F0CEA135518BF95EA3D
:1006B0000C0F0CD050EA410618BF52EA4306D1D1C4
:1006C00081EA030101F000414FF0000070BD50EAE3
:1006D000410606BF1046194652EA430619D094EA6D
:1006E0000C0F02D150EA013613D195EA0C0F05D157
:1006F00052EA03361CBF104619460AD181EA0301AB
:1007000001F0004141F0FE4141F470014FF0000062
:1007100070BD41F0FE4141F4780170BD70B54FF0FD
:10072000FF0C4CF4E06C1CEA11541DBF1CEA13557D
:1007300094EA0C0F95EA0C0F00F0A7F8A4EB05045F
:1007400081EA030E52EA03354FEA013100F0888056
:100750004FEA03334FF0805545EA131343EA12631F
:100760004FEA022245EA111545EA10654FEA0026D4
:100770000EF000419D4208BF964244F1FD0404F58D
:10078000407402D25B084FEA3202B61A65EB0305E9
:100790005B084FEA32024FF480104FF4002CB6EBA6
:1007A000020E75EB030E22BFB61A754640EA0C0026
:1007B0005B084FEA3202B6EB020E75EB030E22BF66
:1007C000B61A754640EA5C005B084FEA3202B6EBA7
:1007D000020E75EB030E22BFB61A754640EA9C0066
:1007E0005B084FEA3202B6EB020E75EB030E22BF36
:1007F000B61A754640EADC0055EA060E18D04FEAF4
:10080000051545EA16754FEA06164FEAC30343EA93
:1008100052734FEAC2025FEA1C1CC0D111F4801F60
:100820000BD141EA00014FF000004FF0004CB6E759
:1008300011F4801F04BF01430020B4F1FD0C88BFF8
:10084000BCF5E06F3FF6AFAEB5EB030C04BFB6EB03
:10085000020C5FEA500C50F1000041EB045170BDF6
:100860000EF0004E4EEA113114EB5C04C2BFD4EB23
:100870000C0541EA045170BD41F480114FF0000EA7
:10088000013C90E645EA060E8DE60CEA135594EA23
:100890000C0F08BF95EA0C0F3FF43BAF94EA0C0F26
:1008A0000AD150EA01347FF434AF95EA0C0F7FF49B
:1008B00025AF104619462CE795EA0C0F06D152EAEF
:1008C00003353FF4FDAE1046194622E750EA4106D3
:1008D00018BF52EA43067FF4C5AE50EA41047FF4E4
:1008E0000DAF52EA43057FF4EBAE12E74FEA410247
:1008F000B2F1E04324BFB3F5001CDCF1FE5C0DD97E
:1009000001F0004C4FEAC0024CEA5070B2F1004FC7
:1009100040EB830008BF20F00100704711F0804FCA
:1009200021D113F13872BCBF01F00040704741F48F
:1009300080114FEA5252C2F11802C2F1200C10FA93
:100940000CF320FA02F018BF40F001004FEAC12377
:100950004FEAD32303FA0CFC40EA0C0023FA02F31B
:100960004FEA4303CCE77FEA625307D150EA0133F1
:100970001EBF4FF0FE4040F44000704701F00040C1
:1009800040F0FE4040F40000704700BF80F000409F
:1009900002E000BF81F0004142001FBF5FEA410357
:1009A00092EA030F7FEA226C7FEA236C6AD04FEA57
:1009B0001262D2EB1363C1BFD2184140484041409C
:1009C000B8BF5B42192B88BF704710F0004F40F44E
:1009D000000020F07F4018BF404211F0004F41F46A
:1009E000000121F07F4118BF494292EA030F3FD036
:1009F000A2F1010241FA03FC10EB0C00C3F1200349
:100A000001FA03F100F0004302D5494260EB4000D7
:100A1000B0F5000F13D3B0F1807F06D340084FEA42
:100A2000310102F10102FE2A51D2B1F1004F40EB37
:100A3000C25008BF20F0010040EA0300704749009F
:100A400040EB0000013A28BFB0F5000FEDD2B0FA3C
:100A500080FCACF1080CB2EB0C0200FA0CF0AABF5F
:100A600000EBC25052421843BCBFD04018437047FD
:100A700092F0000F81F4000106BF80F40000013203
:100A8000013BB5E74FEA41037FEA226C18BF7FEADA
:100A9000236C21D092EA030F04D092F0000F08BF1C
:100AA0000846704790EA010F1CBF0020704712F003
:100AB0007F4F04D1400028BF40F00040704712F142
:100AC00000723CBF00F50000704700F0004343F0A7
:100AD000FE4040F4000070477FEA226216BF0846DD
:100AE0007FEA23630146420206BF5FEA412390EAA0
:100AF000010F40F4800070474FF0000304E000BF96
:100B000010F0004348BF40425FEA000C08BF704746
:100B100043F0964301464FF000001CE050EA01020A
:100B200008BF70474FF000030AE000BF50EA01021F
:100B300008BF704711F0004302D5404261EB41010C
:100B40005FEA010C02BF84460146002043F0B64331
:100B500008BFA3F18053A3F50003BCFA8CF2083A56
:100B6000A3EBC25310DB01FA02FC634400FA02FC5F
:100B7000C2F12002BCF1004F20FA02F243EB020066
:100B800008BF20F00100704702F1200201FA02FCC8
:100B9000C2F1200250EA4C0021FA02F243EB0200BB
:100BA00008BF20EADC7070474FF0FF0C1CEAD052FF
:100BB0001EBF1CEAD15392EA0C0F93EA0C0F6FD0C0
:100BC0001A4480EA010C400218BF5FEA41211ED09E
:100BD0004FF0006343EA501043EA5111A0FB01318A
:100BE0000CF00040B1F5000F3EBF490041EAD3715F
:100BF0005B0040EA010062F17F02FD2A1DD8B3F1DB
:100C0000004F40EBC25008BF20F00100704790F049
:100C1000000F0CF0004C08BF49024CEA502040EA9B
:100C200051207F3AC2BFD2F1FF0340EAC250704761
:100C300040F400004FF00003013A5DDC12F1190F9F
:100C4000DCBF00F000407047C2F10002410021FA11
:100C500002F1C2F1200200FA02FC5FEA310040F129
:100C6000000053EA4C0308BF20EADC70704792F0A2
:100C7000000F00F0004C02BF400010F4000F013ADA
:100C8000F9D040EA0C0093F0000F01F0004C02BFD5
:100C9000490011F4000F013BF9D041EA0C018FE744
:100CA0000CEAD15392EA0C0F18BF93EA0C0F0AD04A
:100CB00030F0004C18BF31F0004CD8D180EA010070
:100CC00000F00040704790F0000F17BF90F0004F09
:100CD000084691F0000F91F0004F14D092EA0C0FEB
:100CE00001D142020FD193EA0C0F03D14B0218BF7E
:100CF000084608D180EA010000F0004040F0FE40C4
:100D000040F40000704740F0FE4040F4400070475F
:100D10004FF0FF0C1CEAD0521EBF1CEAD15392EADE
:100D20000C0F93EA0C0F69D0A2EB030280EA010CCE
:100D300049024FEA402037D04FF0805343EA111167
:100D400043EA10130CF000408B4238BF5B0042F1C5
:100D50007D024FF4000C8B4224BF5B1A40EA0C006A
:100D6000B3EB510F24BFA3EB510340EA5C00B3EB9C
:100D7000910F24BFA3EB910340EA9C00B3EBD10F8A
:100D800024BFA3EBD10340EADC001B0118BF5FEADC
:100D90001C1CE0D1FD2A3FF650AF8B4240EBC25005
:100DA00008BF20F0010070470CF0004C4CEA5020C6
:100DB0007F32C2BFD2F1FF0340EAC250704740F415
:100DC00000004FF00003013A37E792F0000F00F007
:100DD000004C02BF400010F4000F013AF9D040EA85
:100DE0000C0093F0000F01F0004C02BF490011F419
:100DF000000F013BF9D041EA0C0195E70CEAD15311
:100E000092EA0C0F08D142027FF47DAF93EA0C0FF7
:100E10007FF470AF084676E793EA0C0F04D14B02DB
:100E20003FF44CAF08466EE730F0004C18BF31F08D
:100E3000004CCAD130F000427FF45CAF31F0004387
:100E40007FF43CAF5FE700BF42000ED2B2F1FE4F2D
:100E50000BD34FF09E03B3EB126209D44FEA002389
:100E600043F0004323FA02F070474FF00000704750
:100E700012F1610F01D1420202D14FF0FF307047F1
:100E80004FF00000704700BF034613F8012B002A03
:100E9000FBD1181A0138704780B400AF00BFBD46BF
:100EA00080BC704780B582B000AF78607B68002B53
:100EB00001D1012376E07B685B6A002B08D17B6857
:100EC0005B68B3F5827F09D07B680022DA6105E0B8
:100ED0007B6800221A617B6800225A617B680022CD
:100EE0009A627B6893F85130DBB2002B06D17B68A5
:100EF000002283F85020786805F0CAFE7B68022241
:100F000083F851207B681B681A687B681B6822F095
:100F100040021A607B685B6803F482727B689B689E
:100F200003F404431A437B68DB6803F400631A4349
:100F30007B681B6903F002031A437B685B6903F05B
:100F400001031A437B689B6903F400731A437B68AF
:100F5000DB6903F038031A437B681B6A03F08003E4
:100F600042EA03017B689B6A03F400527B681B68BA
:100F70000A431A607B689B691A0C7B681B6802F045
:100F800004025A607B681B68DA697B681B6822F47C
:100F90000062DA617B6800225A657B68012283F86F
:100FA0005120002318460837BD4680BD80B588B063
:100FB00000AFF860B9603B601346FB8000F060FD55
:100FC000F861FB887B83FB6893F85130DBB2012B1F
:100FD00001D002232AE1BB68002B02D0FB88002B42
:100FE00001D1012322E1FB6893F85030012B01D19C
:100FF00002231BE1FB68012283F85020FB680322D7
:1010000083F85120FB6800225A65FB68BA681A63AE
:10101000FB68FA889A86FB68FA88DA86FB68002201
:101020009A63FB6800229A87FB680022DA87FB68D4
:1010300000225A64FB6800221A64FB689B68B3F5BF
:10104000004F0FD1FB681B681A68FB681B6822F011
:1010500040021A60FB681B681A68FB681B6842F450
:1010600080421A60FB681B681B6803F04003402B3A
:1010700007D0FB681B681A68FB681B6842F04002D7
:101080001A60FB68DB68B3F5006F52D1FB685B68E0
:10109000002B02D07B8B012B45D1FB681B6B1A8880
:1010A000FB681B68DA60FB681B6B9A1CFB681A63A1
:1010B000FB68DB8E9BB2013B9AB2FB68DA8632E0BA
:1010C000FB681B689B6803F00203022B12D1FB68CC
:1010D0001B6B1A88FB681B68DA60FB681B6B9A1C29
:1010E000FB681A63FB68DB8E9BB2013B9AB2FB681C
:1010F000DA8618E000F0C4FC0246FB69D31A3A68AD
:101100009A4203D83B68B3F1FF3F02D13B68002B02
:1011100009D1FB68012283F85120FB68002283F883
:101120005020032382E0FB68DB8E9BB2002BC7D1EB
:1011300053E0FB685B68002B02D07B8B012B47D10F
:10114000FB681A6BFB681B680C3312781A70FB681B
:101150001B6B5A1CFB681A63FB68DB8E9BB2013B5E
:101160009AB2FB68DA8633E0FB681B689B6803F081
:101170000203022B13D1FB681A6BFB681B680C334C
:1011800012781A70FB681B6B5A1CFB681A63FB68A9
:10119000DB8E9BB2013B9AB2FB68DA8618E000F066
:1011A0006FFC0246FB69D31A3A689A4203D83B683F
:1011B000B3F1FF3F02D13B68002B09D1FB6801224C
:1011C00083F85120FB68002283F8502003232DE090
:1011D000FB68DB8E9BB2002BC6D1FA693968F868D0
:1011E00000F0C4FB0346002B02D0FB6820225A65A6
:1011F000FB689B68002B0AD100237B61FB681B689E
:10120000DB687B61FB681B689B687B617B69FB68B3
:10121000012283F85120FB68002283F85020FB68EC
:101220005B6D002B01D0012300E00023184620371E
:10123000BD4680BD80B588B002AFF860B9603B6044
:101240001346FB80FB6893F85130DBB2012B01D0D1
:10125000022304E1FB685B68B3F5827F12D1FB686F
:101260009B68002B0ED1FB68042283F85120FA887A
:101270003B6800931346BA68B968F86800F0F3F861
:101280000346ECE000F0FCFB7861BB68002B02D069
:10129000FB88002B01D10123E1E0FB6893F850307B
:1012A000012B01D10223DAE0FB68012283F85020F0
:1012B000FB68042283F85120FB6800225A65FB6812
:1012C000BA689A63FB68FA889A87FB68FA88DA87B3
:1012D000FB6800221A63FB6800229A86FB680022E2
:1012E000DA86FB6800221A64FB6800225A64FB68F5
:1012F0009B68B3F5004F0FD1FB681B681A68FB6849
:101300001B6822F040021A60FB681B681A68FB68C1
:101310001B6822F480421A60FB681B681B6803F09C
:101320004003402B07D0FB681B681A68FB681B68EA
:1013300042F040021A60FB68DB68002B70D135E098
:10134000FB681B689B6803F00103012B15D1FB6848
:101350001B6803F10C02FB689B6B1278D2B21A7007
:10136000FB689B6B5A1CFB689A63FB68DB8F9BB224
:10137000013B9AB2FB68DA8718E000F081FB024675
:101380007B69D31A3A689A4203D83B68B3F1FF3FAE
:1013900002D13B68002B09D1FB68012283F8512060
:1013A000FB68002283F85020032358E0FB68DB8FA2
:1013B0009BB2002BC4D138E0FB681B689B6803F02C
:1013C0000103012B13D1FB681B68DA68FB689B6B78
:1013D00092B21A80FB689B6B9A1CFB689A63FB684D
:1013E000DB8F9BB2013B9AB2FB68DA8718E000F012
:1013F00047FB02467B69D31A3A689A4203D83B6896
:10140000B3F1FF3F02D13B68002B09D1FB680122F9
:1014100083F85120FB68002283F8502003231EE04C
:10142000FB68DB8F9BB2002BC6D17A693968F868FC
:1014300000F04AFA0346002B02D0FB6820225A65CE
:10144000FB68012283F85120FB68002283F85020BA
:10145000FB685B6D002B01D0012300E000231846E0
:101460001837BD4680BD80B58AB000AFF860B9605E
:101470007A607B8001237B6200F002FB3862FB68AC
:1014800093F85130FB77FB685B68BB617B88FB821C
:10149000FB7F012B0CD0BB69B3F5827F06D1FB68C3
:1014A0009B68002B02D1FB7F042B01D002237FE13C
:1014B000BB68002B05D07B68002B02D07B88002BFB
:1014C00001D1012374E1FB6893F85030012B01D165
:1014D00002236DE1FB68012283F85020FB6893F83A
:1014E0005130DBB2042B03D0FB68052283F8512076
:1014F000FB6800225A65FB687A689A63FB687A8801
:10150000DA87FB687A889A87FB68BA681A63FB688F
:101510007A88DA86FB687A889A86FB6800221A64E1
:10152000FB6800225A64FB681B681B6803F04003D9
:10153000402B07D0FB681B681A68FB681B6842F0E9
:1015400040021A60FB68DB68B3F5006F7ED1FB6870
:101550005B68002B02D0FB8A012B6CD1FB681B6BF4
:101560001A88FB681B68DA60FB681B6B9A1CFB68B7
:101570001A63FB68DB8E9BB2013B9AB2FB68DA868A
:1015800059E0FB681B689B6803F00203022B1BD128
:10159000FB68DB8E9BB2002B16D07B6A012B13D12C
:1015A000FB681B6B1A88FB681B68DA60FB681B6BA7
:1015B0009A1CFB681A63FB68DB8E9BB2013B9AB2F4
:1015C000FB68DA8600237B62FB681B689B6803F07C
:1015D0000103012B19D1FB68DB8F9BB2002B14D0C8
:1015E000FB681B68DA68FB689B6B92B21A80FB6829
:1015F0009B6B9A1CFB689A63FB68DB8F9BB2013B79
:101600009AB2FB68DA8701237B6200F039FA02465E
:101610003B6AD31A3A6B9A420DD83B6BB3F1FF3F4A
:1016200009D0FB68012283F85120FB68002283F86F
:1016300050200323BCE0FB68DB8E9BB2002BA0D1C3
:10164000FB68DB8F9BB2002B9BD182E0FB685B6861
:10165000002B02D0FB8A012B71D1FB681A6BFB684F
:101660001B680C3312781A70FB681B6B5A1CFB68E2
:101670001A63FB68DB8E9BB2013B9AB2FB68DA8689
:101680005DE0FB681B689B6803F00203022B1CD122
:10169000FB68DB8E9BB2002B17D07B6A012B14D129
:1016A000FB681A6BFB681B680C3312781A70FB68B6
:1016B0001B6B5A1CFB681A63FB68DB8E9BB2013BF9
:1016C0009AB2FB68DA8600237B62FB681B689B6822
:1016D00003F00103012B19D1FB68DB8F9BB2002BB8
:1016E00014D0FB681B68DA68FB689B6BD2B21A7077
:1016F000FB689B6B5A1CFB689A63FB68DB8F9BB291
:10170000013B9AB2FB68DA8701237B6200F0B8F9EB
:1017100002463B6AD31A3A6B9A4203D83B6BB3F149
:10172000FF3F02D13B6B002B09D1FB68012283F8FC
:101730005120FB68002283F85020032338E0FB6827
:10174000DB8E9BB2002B9CD1FB68DB8F9BB2002B06
:1017500097D13A6A396BF86800F008F90346002B14
:1017600008D0FB6820225A65FB68002283F85020CD
:1017700001231DE0FB689B68002B0AD100233B611D
:10178000FB681B68DB683B61FB681B689B683B610F
:101790003B69FB68012283F85120FB68002283F833
:1017A0005020FB685B6D002B01D0012300E000237B
:1017B00018462837BD4680BD80B588B000AFF860B8
:1017C000B9603B601346FB7100F05AF90246BB6AF0
:1017D0009B1A3A681344FB6100F052F9B861394B27
:1017E0001B685B011B0DFA6902FB03F37B6154E08C
:1017F0003B68B3F1FF3F50D000F042F90246BB69AD
:10180000D31AFA699A4202D9FB69002B3DD1FB68D1
:101810001B685A68FB681B6822F0E0025A60FB688C
:101820005B68B3F5827F11D1FB689B68B3F5004F0D
:1018300004D0FB689B68B3F5806F07D1FB681B6819
:101840001A68FB681B6822F040021A60FB689B6AFA
:10185000B3F5005F0FD1FB681B681A68FB681B6853
:1018600022F400521A60FB681B681A68FB681B6848
:1018700042F400521A60FB68012283F85120FB6891
:10188000002283F85020032317E07B69002B01D14D
:101890000023FB617B69013B7B61FB681B689A68E5
:1018A000BB681340BA689A420CBF01230023DBB225
:1018B0001A46FB799A429BD1002318462037BD4631
:1018C00080BD00BF0000002080B586B002AFF86088
:1018D000B9607A60FB685B68B3F5827F11D1FB6801
:1018E0009B68B3F5004F04D0FB689B68B3F5806F2D
:1018F00007D1FB681B681A68FB681B6822F040026E
:101900001A60FB685B68B3F5827F17D1FB689B6840
:10191000B3F5806F12D17B680093BB680022012170
:10192000F868FFF749FF0346002B1AD0FB685B6D90
:1019300043F02002FB685A65032313E07B680093A1
:10194000BB6800228021F868FFF736FF0346002BB2
:1019500007D0FB685B6D43F02002FB685A650323E8
:1019600000E0002318461037BD4680BD80B586B024
:1019700002AFF860B9607A607B680093BB680122AF
:101980000221F868FFF718FF0346002B07D0FB6819
:101990005B6D43F02002FB685A65032313E07B680C
:1019A0000093BB6800228021F868FFF705FF03461B
:1019B000002B07D0FB685B6D43F02002FB685A6583
:1019C000032300E0002318461037BD4680BD000009
:1019D00080B500AF084B1B68074A43F01003136043
:1019E000032001F0B7F90F2000F008F805F068FBBC
:1019F0000023184680BD00BF0020024080B582B0A1
:101A000000AF7860124B1A68124B1B7819464FF4DE
:101A10007A73B3FBF1F3B2FBF3F3184601F0CFF99D
:101A20000346002B01D001230EE07B680F2B0AD860
:101A3000002279684FF0FF3001F097F9064A7B6881
:101A40001360002300E0012318460837BD4680BD1F
:101A500000000020080000200400002080B400AF37
:101A6000054B1B781A46054B1B681344034A136049
:101A700000BFBD4680BC70470800002094000020D5
:101A800080B400AF024B1B681846BD4680BC70474F
:101A90009400002080B584B000AF7860FFF7F0FFBD
:101AA000B8607B68FB60FB68B3F1FF3F05D00A4B71
:101AB0001B781A46FB681344FB6000BFFFF7E0FF8A
:101AC0000246BB68D31AFA689A42F7D800BF00BF33
:101AD0001037BD4680BD00BF0800002080B586B02D
:101AE00000AF78607B68002B01D1012372E27B6834
:101AF0001B6803F00103002B00F08780924B5B68AA
:101B000003F00C03042B0CD08F4B5B6803F00C0329
:101B1000082B12D18C4B5B6803F48033B3F5803F04
:101B20000BD1894B1B6803F40033002B6CD07B680E
:101B30005B68002B68D101234CE27B685B68B3F5DE
:101B4000803F06D1804B1B687F4A43F4803313608B
:101B50002EE07B685B68002B0CD17B4B1B687A4ABC
:101B600023F480331360784B1B68774A23F4802377
:101B700013601DE07B685B68B3F5A02F0CD1724B3E
:101B80001B68714A43F4802313606F4B1B686E4AD5
:101B900043F4803313600BE06B4B1B686A4A23F4F9
:101BA00080331360684B1B68674A23F480231360FB
:101BB0007B685B68002B13D0FFF762FF386108E099
:101BC000FFF75EFF02463B69D31A642B01D903235A
:101BD00000E25D4B1B6803F40033002BF0D014E0EF
:101BE000FFF74EFF386108E0FFF74AFF02463B6906
:101BF000D31A642B01D90323ECE1534B1B6803F484
:101C00000033002BF0D100E000BF7B681B6803F0BD
:101C10000203002B63D04C4B5B6803F00C03002BDA
:101C20000BD0494B5B6803F00C03082B1CD1464BCF
:101C30005B6803F48033002B16D1434B1B6803F021
:101C40000203002B05D07B681B69012B01D0012307
:101C5000C0E13D4B1B6823F0F8027B685B69DB0049
:101C6000394913430B603AE07B681B69002B20D095
:101C7000364B01221A60FFF703FF386108E0FFF7D7
:101C8000FFFE02463B69D31A022B01D90323A1E1CF
:101C90002D4B1B6803F00203002BF0D02A4B1B686E
:101CA00023F0F8027B685B69DB00274913430B6074
:101CB00015E0264B00221A60FFF7E2FE386108E0CB
:101CC000FFF7DEFE02463B69D31A022B01D903233C
:101CD00080E11D4B1B6803F00203002BF0D17B68F1
:101CE0001B6803F00803002B3AD07B689B69002B2C
:101CF00019D0174B01221A60FFF7C2FE386108E0C5
:101D0000FFF7BEFE02463B69D31A022B01D903231B
:101D100060E10D4B5B6A03F00203002BF0D0012061
:101D200000F0CEFA1CE00A4B00221A60FFF7A8FE72
:101D300038610FE0FFF7A4FE02463B69D31A022B7D
:101D400008D9032346E100BF0010024000004242D0
:101D500080044242924B5B6A03F00203002BE9D1FC
:101D60007B681B6803F00403002B00F0A6800023AF
:101D7000FB758B4BDB6903F08053002B0DD1884B37
:101D8000DB69874A43F08053D361854BDB6903F0FD
:101D90008053BB60BB680123FB75824B1B6803F457
:101DA0008073002B18D17F4B1B687E4A43F48073ED
:101DB0001360FFF765FE386108E0FFF761FE024639
:101DC0003B69D31A642B01D9032303E1754B1B68CC
:101DD00003F48073002BF0D07B68DB68012B06D105
:101DE0006F4B1B6A6E4A43F0010313622DE07B6860
:101DF000DB68002B0CD16A4B1B6A694A23F0010394
:101E00001362674B1B6A664A23F0040313621CE0EB
:101E10007B68DB68052B0CD1614B1B6A604A43F081
:101E2000040313625E4B1B6A5D4A43F001031362B5
:101E30000BE05B4B1B6A5A4A23F001031362584BB9
:101E40001B6A574A23F0040313627B68DB68002B8C
:101E500015D0FFF715FE38610AE0FFF711FE0246C4
:101E60003B69D31A41F28832934201D90323B1E08E
:101E70004B4B1B6A03F00203002BEED014E0FFF77C
:101E8000FFFD38610AE0FFF7FBFD02463B69D31A0C
:101E900041F28832934201D903239BE0404B1B6AF5
:101EA00003F00203002BEED1FB7D012B05D13C4B4F
:101EB000DB693B4A23F08053D3617B68DB69002BED
:101EC00000F08780364B5B6803F00C03082B61D071
:101ED0007B68DB69022B46D1334B00221A60FFF787
:101EE000CFFD386108E0FFF7CBFD02463B69D31A0E
:101EF000022B01D903236DE0294B1B6803F000730B
:101F0000002BF0D17B681B6AB3F5803F08D1244BCE
:101F10005B6823F400327B689B68214913434B6064
:101F20001F4B5B6823F474127B68196A7B685B6AD9
:101F30000B431B4913434B601B4B01221A60FFF7F5
:101F40009FFD386108E0FFF79BFD02463B69D31A0D
:101F5000022B01D903233DE0114B1B6803F00073F2
:101F6000002BF0D035E0104B00221A60FFF788FDFF
:101F7000386108E0FFF784FD02463B69D31A022B63
:101F800001D9032326E0064B1B6803F00073002BE6
:101F9000F0D11EE07B68DB69012B07D1012319E03A
:101FA0000010024000700040600042420B4B5B6832
:101FB000FB60FB6803F480327B681B6A9A4206D19F
:101FC000FB6803F470127B685B6A9A4201D00123BC
:101FD00000E0002318461837BD4680BD00100240BF
:101FE00080B584B000AF786039607B68002B01D188
:101FF0000123D0E06A4B1B6803F007033A689A425A
:1020000010D9674B1B6823F0070265493B681343EF
:102010000B60634B1B6803F007033A689A4201D0D8
:102020000123B8E07B681B6803F00203002B20D07B
:102030007B681B6803F00403002B05D0594B5B68D9
:10204000584A43F4E06353607B681B6803F008035D
:10205000002B05D0534B5B68524A43F460535360E6
:10206000504B5B6823F0F0027B689B684D4913433B
:102070004B607B681B6803F00103002B40D07B683A
:102080005B68012B07D1474B1B6803F40033002B1F
:1020900015D101237FE07B685B68022B07D1414BA0
:1020A0001B6803F00073002B09D1012373E03D4B43
:1020B0001B6803F00203002B01D101236BE0394BB5
:1020C0005B6823F003027B685B68364913434B600F
:1020D000FFF7D6FCF8600AE0FFF7D2FC0246FB6887
:1020E000D31A41F28832934201D9032353E02D4B96
:1020F0005B6803F00C027B685B689B009A42EBD143
:10210000274B1B6803F007033A689A4210D2244B0E
:102110001B6823F0070222493B6813430B60204BE6
:102120001B6803F007033A689A4201D0012332E0AA
:102130007B681B6803F00403002B08D0194B5B6815
:1021400023F4E0627B68DB68164913434B607B68CD
:102150001B6803F00803002B09D0124B5B6823F4C3
:1021600060527B681B69DB000E4913434B6000F033
:1021700021F802460B4B5B681B0903F00F030A4969
:10218000CB5C22FA03F3094A1360094B1B6818461B
:10219000FFF734FC002318461037BD4680BD00BF52
:1021A000002002400010024078B800080000002023
:1021B0000400002080B487B000AF0023FB60002340
:1021C000BB6000237B6100237B6000233B611E4BCF
:1021D0005B68FB60FB6803F00C03042B02D0082B48
:1021E00003D027E0194B3B6127E0FB689B0C03F011
:1021F0000F03174AD35C7B60FB6803F48033002B2A
:1022000010D0114B5B685B0C03F00103114AD35CE7
:10221000BB607B680D4A03FB02F2BB68B2FBF3F3C1
:102220007B6104E07B680C4A02FB03F37B617B6902
:102230003B6102E0054B3B6100BF3B6918461C3720
:10224000BD4680BC704700BF0010024000127A00FB
:1022500090B80008A0B8000800093D0080B400AFA5
:10226000024B1B681846BD4680BC7047000000202A
:1022700080B500AFFFF7F2FF0246054B5B681B0A13
:1022800003F007030349CB5C22FA03F3184680BD31
:102290000010024088B8000880B500AFFFF7DEFFED
:1022A0000246054B5B68DB0A03F007030349CB5C7E
:1022B00022FA03F3184680BD0010024088B80008D7
:1022C00080B485B000AF78600A4B1B680A4AA2FB55
:1022D00003235B0A7A6802FB03F3FB6000BFFB6821
:1022E0005A1EFA60002BF9D100BF00BF1437BD465B
:1022F00080BC704700000020D34D621080B48BB0CA
:1023000000AF7860396000237B6200233B6269E1A3
:1023100001227B6A02FA03F3FB613B681B68FA69DE
:102320001340BB61BA69FB699A4240F058813B682F
:102330005B689A4A93425ED0984A934275D8984A0D
:10234000934258D0964A93426FD8964A934252D0BD
:10235000944A934269D8944A93424CD0924A934209
:1023600063D8924A934246D0904A93425DD8122B4A
:102370002AD8122B59D801A252F823F0F7230008CB
:10238000D1230008E3230008252400082B2400089B
:102390002B2400082B2400082B2400082B240008E1
:1023A0002B2400082B2400082B2400082B240008D1
:1023B0002B2400082B2400082B2400082B240008C1
:1023C000D9230008ED230008794A934213D02CE06A
:1023D0003B68DB683B6229E03B68DB6804333B62B7
:1023E00024E03B68DB6808333B621FE03B68DB6846
:1023F0000C333B621AE03B689B68002B02D104233C
:102400003B6213E03B689B68012B05D108233B62CC
:102410007B68FA691A6109E008233B627B68FA6904
:102420005A6103E000233B6200E000BFBB69FF2B61
:1024300001D87B6801E07B6804337B61BB69FF2BBB
:1024400002D87B6A9B0002E07B6A083B9B003B61F1
:102450007B691A680F213B6901FA03F3DB431A40D9
:10246000396A3B6901FA03F31A437B691A603B68D6
:102470005B6803F08053002B00F0B1804D4B9B69EB
:102480004C4A43F0010393614A4B9B6903F00103FB
:10249000BB60BB68484A7B6A9B08023352F8233012
:1024A000FB607B6A03F003039B000F2202FA03F335
:1024B000DB43FA681340FB607B68404A934213D0C9
:1024C0007B683F4A93420DD07B683E4A934207D0D7
:1024D0007B683D4A934201D1032306E0042304E0D4
:1024E000022302E0012300E000237A6A02F00302E3
:1024F00092009340FA681343FB602F497B6A9B0864
:102500000233FA6841F823203B685B6803F48013C8
:10251000002B06D02D4B9A682C49BB6913438B6066
:1025200006E02A4B9A68BB69DB43284913408B605D
:102530003B685B6803F40013002B06D0234BDA687A
:102540002249BB691343CB6006E0204BDA68BB69C4
:10255000DB431E491340CB603B685B6803F40033E8
:10256000002B06D0194B5A681849BB6913434B60BE
:1025700006E0164B5A68BB69DB43144913404B60B5
:102580003B685B6803F48033002B21D00F4B1A6843
:102590000E49BB6913430B6021E000BF00003210FD
:1025A0000000311000002210000021100000121065
:1025B000000011100010024000000140000801401E
:1025C000000C0140001001400014014000040140D3
:1025D0000B4B1A68BB69DB43094913400B607B6AEC
:1025E00001337B623B681A687B6A22FA03F3002B93
:1025F0007FF48EAE00BF00BF2C37BD4680BC704755
:102600000004014080B483B000AF78600B467B804B
:1026100013467B707B78002B03D07A887B681A6125
:1026200003E07B881A047B681A6100BF0C37BD4643
:1026300080BC704780B582B000AF0346FB80084B7A
:102640005A69FB881340002B06D0054AFB8853616A
:10265000FB88184600F006F800BF0837BD4680BD6D
:102660000004014080B483B000AF0346FB8000BF8C
:102670000C37BD4680BC704780B485B000AF786031
:102680000023FB607B68002B01D1012343E07B68C2
:102690001B681A46224B1344224AA2FB03231B0940
:1026A0009A007B681A647B681F4ADA637B6802229F
:1026B00083F821207B681B681B68FB60FB6823F4A0
:1026C0007F5323F03003FB607B685A687B689B680C
:1026D0001A437B68DB681A437B681B691A437B6873
:1026E0005B691A437B689B691A437B68DB69134308
:1026F000FA681343FB607B681B68FA681A607B68A2
:1027000000229A637B68012283F821207B680022E3
:1027100083F82020002318461437BD4680BC70473C
:10272000F8FFFDBFCDCCCCCC0000024080B586B018
:1027300000AFF860B9607A603B600023FB75FB680E
:1027400093F82030012B01D102234BE0FB680122DA
:1027500083F82020FB6893F82130DBB2012B3AD1BB
:10276000FB68022283F82120FB6800229A63FB6841
:102770001B681A68FB681B6822F001021A603B683C
:102780007A68B968F86800F0EBF9FB68DB6A002B3F
:1027900008D0FB681B681A68FB681B6842F00E02D1
:1027A0001A600FE0FB681B681A68FB681B6822F060
:1027B00004021A60FB681B681A68FB681B6842F019
:1027C0000A021A60FB681B681A68FB681B6842F003
:1027D00001021A6005E0FB68002283F82020022332
:1027E000FB75FB7D18461837BD4680BD80B485B0AB
:1027F00000AF78600023FB737B6893F82130DBB275
:10280000022B08D07B6804229A637B68002283F83D
:102810002020012320E07B681B681A687B681B6806
:1028200022F00E021A607B681B681A687B681B68BE
:1028300022F001021A607B681A6C7B68DB6B012155
:1028400001FA02F25A607B68012283F821207B683A
:10285000002283F82020FB7B18461437BD4680BC3D
:102860007047000080B584B000AF78600023FB7330
:102870007B6893F82130DBB2022B05D07B68042201
:102880009A630123FB7351E07B681B681A687B68BD
:102890001B6822F00E021A607B681B681A687B684E
:1028A0001B6822F001021A607B681B68224A93426F
:1028B00029D07B681B68214A934222D07B681B6821
:1028C0001F4A93421AD07B681B681E4A934212D05B
:1028D0007B681B681C4A93420AD07B681B681B4AB2
:1028E000934202D14FF480130EE04FF080730BE05F
:1028F0004FF4803308E04FF4805305E04FF48073C9
:1029000002E0102300E00123114A53607B6801229A
:1029100083F821207B68002283F820207B685B6B92
:10292000002B03D07B685B6B78689847FB7B18466D
:102930001037BD4680BD00BF080002401C000240A9
:102940003000024044000240580002406C00024047
:102950000000024080B584B000AF78607B68DB6B1C
:102960001B68FB607B681B681B68BB607B681B6C1B
:1029700004229A40FB681340002B4FD0BB6803F041
:102980000403002B4AD07B681B681B6803F02003FC
:10299000002B07D17B681B681A687B681B6822F0D4
:1029A00004021A607B681B68664A934229D07B68E0
:1029B0001B68654A934222D07B681B68634A934236
:1029C0001AD07B681B68624A934212D07B681B68EE
:1029D000604A93420AD07B681B685F4A934202D1E7
:1029E0004FF480030EE04FF080630BE04FF4802340
:1029F00008E04FF4804305E04FF4806302E0402399
:102A000000E00423554A53607B68DB6A002B00F02A
:102A100094807B68DB6A786898478EE07B681B6CE3
:102A200002229A40FB681340002B56D0BB6803F08B
:102A30000203002B51D07B681B681B6803F0200346
:102A4000002B0BD17B681B681A687B681B6822F01F
:102A50000A021A607B68012283F821207B681B68C8
:102A6000384A934229D07B681B68374A934222D068
:102A70007B681B68354A93421AD07B681B68344ACE
:102A8000934212D07B681B68324A93420AD07B681B
:102A90001B68314A934202D14FF400130EE04FF00D
:102AA00000730BE04FF4003308E04FF4005305E0EF
:102AB0004FF4007302E0202300E00223274A536012
:102AC0007B68002283F820207B689B6A002B34D02F
:102AD0007B689B6A786898472FE07B681B6C0822AC
:102AE0009A40FB681340002B28D0BB6803F0080312
:102AF000002B23D07B681B681A687B681B6822F058
:102B00000E021A607B681A6C7B68DB6B012101FA8C
:102B100002F25A607B6801229A637B68012283F883
:102B200021207B68002283F820207B681B6B002B10
:102B300004D07B681B6B7868984700BF00BF1037D4
:102B4000BD4680BD080002401C000240300002402B
:102B500044000240580002406C0002400000024065
:102B600080B485B000AFF860B9607A603B60FB6804
:102B70001A6CFB68DB6B012101FA02F25A60FB68F8
:102B80001B683A685A60FB685B68102B08D1FB68C9
:102B90001B687A689A60FB681B68BA68DA6007E0AD
:102BA000FB681B68BA689A60FB681B687A68DA6021
:102BB00000BF1437BD4680BC7047000080B485B0AC
:102BC00000AF78607B6803F00703FB600C4BDB68A9
:102BD000BB60BA684FF6FF031340BB60FB681A0284
:102BE000BB68134343F0BF6343F40033BB60044A44
:102BF000BB68D36000BF1437BD4680BC704700BFC0
:102C000000ED00E080B400AF044BDB681B0A03F06A
:102C100007031846BD4680BC704700BF00ED00E0CA
:102C200080B483B000AF0346FB7197F90730002BE7
:102C30000BDBFB7903F01F02064997F907305B09AC
:102C4000012000FA02F241F8232000BF0C37BD46F4
:102C500080BC704700E100E080B483B000AF034661
:102C60003960FB7197F90730002B0ADB3B68DAB259
:102C70000C4997F907301201D2B20B4483F80023B4
:102C80000AE03B68DAB20849FB7903F00F03043B22
:102C90001201D2B20B441A7600BF0C37BD4680BC7D
:102CA000704700BF00E100E000ED00E080B489B0B3
:102CB00000AFF860B9607A60FB6803F00703FB615E
:102CC000FB69C3F10703042B28BF0423BB61FB6925
:102CD0000433062B02D9FB69033B00E000237B6130
:102CE0004FF0FF32BB6902FA03F3DA43BB681A40C4
:102CF0007B699A404FF0FF317B6901FA03F3D943B6
:102D00007B680B40134318462437BD4680BC704790
:102D100080B582B000AF78607B68013BB3F1807F03
:102D200001D301230FE00A4A7B68013B53600F2166
:102D30004FF0FF30FFF790FF054B00229A60044BE5
:102D400007221A60002318460837BD4680BD00BF21
:102D500010E000E080B582B000AF78607868FFF7DF
:102D60002DFF00BF0837BD4680BD80B586B000AFDF
:102D70000346B9607A60FB7300237B61FFF742FF73
:102D800078617A68B9687869FFF790FF024697F929
:102D90000F3011461846FFF75FFF00BF1837BD46DA
:102DA00080BD80B582B000AF0346FB7197F9073054
:102DB0001846FFF735FF00BF0837BD4680BD80B518
:102DC00082B000AF78607868FFF7A2FF034618462C
:102DD0000837BD4680BD0000F0B587B000AFF86091
:102DE000B960C7E900230123FB750023BB750023ED
:102DF0007B752F4B1B7E012B01D1022354E02C4B02
:102E000001221A764CF2503000F0A8F80346FB7508
:102E1000FB7D002B44D1FB68012B02D101237B7584
:102E200007E0FB68022B02D102237B7501E004233B
:102E30007B750023BB752DE0BB7D5A00BB6802EBA0
:102E4000030CBB7D1901D7E90023C1F12006A1F1D4
:102E5000200022FA01F403FA06F6344323FA00F0C4
:102E6000044323FA01F5A3B21946604600F05AF86C
:102E70004CF2503000F072F80346FB750D4B1B69A5
:102E80000C4A23F001031361FB7D002B07D1BB7DAE
:102E90000133BB75BA7D7B7D9A42CDD300E000BF84
:102EA000034B00221A76FB7D18461C37BD46F0BD49
:102EB000980000200020024080B483B000AF0023BF
:102EC000FB710D4B1B6903F08003002B0DD00A4BE7
:102ED0000A4A5A60084B0A4A5A60074B1B6903F0BA
:102EE0008003002B01D00123FB71FB7918460C37BE
:102EF000BD4680BC704700BF0020024023016745EB
:102F0000AB89EFCD80B400AF054B1B69044A43F099
:102F10008003136100231846BD4680BC704700BF84
:102F20000020024080B483B000AF78600B467B8005
:102F3000084B0022DA61084B1B69074A43F0010382
:102F400013617B687A881A8000BF0C37BD4680BC4D
:102F5000704700BF980000200020024080B584B078
:102F600000AF7860FEF78CFDF86010E07B68B3F18D
:102F7000FF3F0CD07B68002B07D0FEF781FD024697
:102F8000FB68D31A7A689A4201D2032325E0154BD5
:102F9000DB6803F00103002BE8D1124BDB6803F080
:102FA0002003002B02D00F4B2022DA600D4BDB6890
:102FB00003F01003002B0BD10A4BDB6903F0010374
:102FC000002B05D1074BDB6803F00403002B03D073
:102FD00000F00AF8012300E0002318461037BD4630
:102FE00080BD00BF0020024080B483B000AF00234A
:102FF0007B60234BDB6803F01003002B09D0214BCF
:10300000DB6943F002031F4AD3617B6843F010037E
:103010007B601B4BDB6803F00403002B09D0194BCA
:10302000DB6943F00103174AD3617B6843F0040373
:103030007B60134BDB6903F00103002B0BD0114BBA
:10304000DB6943F004030F4AD3610D4BDB690C4A83
:1030500023F00103D3617B6840F20112934206D151
:10306000074BDB69064A23F00103D36102E0044AFF
:103070007B68D36000BF0C37BD4680BC704700BF83
:10308000002002409800002080B584B000AF786036
:1030900039600123FB730023BB602F4B1B7E012B88
:1030A00001D1022353E02C4B01221A767B681B6866
:1030B000022B16D14CF25030FFF750FF0346002B85
:1030C00041D1012000F04CF84CF25030FFF746FFA0
:1030D0000346FB73214B1B69204A23F00403136151
:1030E00031E04CF25030FFF739FF0346002B2AD174
:1030F0003B684FF0FF321A607B689B68BB6019E049
:10310000B86800F049F84CF25030FFF727FF03464B
:10311000FB73124B1B69114A23F002031361FB7B03
:10312000002B03D03B68BA681A600CE0BB6803F55B
:103130008063BB607B68DB689A027B689B68134492
:10314000BA689A42DCD3044B00221A76FB7B1846FD
:103150001037BD4680BD00BF98000020002002400F
:1031600080B483B000AF7860094B0022DA61094B6C
:103170001B69084A43F004031361064B1B69054AA7
:1031800043F04003136100BF0C37BD4680BC70475D
:10319000980000200020024080B483B000AF786027
:1031A0000B4B0022DA610B4B1B690A4A43F0020306
:1031B0001361084A7B685361064B1B69054A43F05B
:1031C0004003136100BF0C37BD4680BC704700BF91
:1031D000980000200020024080B582B000AF7860E7
:1031E0007B68002B01D1012341E07B6893F83D30DF
:1031F000DBB2002B06D17B68002283F83C20786884
:1032000003F042FE7B68022283F83D207B681A6847
:103210007B6804331946104600F05CFA7B68012293
:1032200083F846207B68012283F83E207B680122D8
:1032300083F83F207B68012283F840207B680122CD
:1032400083F841207B68012283F842207B680122B9
:1032500083F843207B68012283F844207B680122A5
:1032600083F845207B68012283F83D20002318461F
:103270000837BD4680BD000080B485B000AF7860DF
:103280007B6893F83D30DBB2012B01D001233AE09B
:103290007B68022283F83D207B681B68DA687B68C4
:1032A0001B6842F00102DA607B681B68184A93428F
:1032B0000ED07B681B68B3F1804F09D07B681B6818
:1032C000144A934204D07B681B68134A934211D17D
:1032D0007B681B689B6803F00703FB60FB68062B99
:1032E00010D07B681B681A687B681B6842F001027B
:1032F0001A6007E07B681B681A687B681B6842F0ED
:1033000001021A60002318461437BD4680BC70477E
:10331000002C0140000400400008004080B584B04B
:1033200000AF78607B681B68DB68FB607B681B68AC
:103330001B69BB60BB6803F00203002B20D0FB6855
:1033400003F00203002B1BD07B681B686FF00202A6
:103350001A617B6801221A777B681B689B6903F0FE
:103360000303002B03D0786800F098F905E0786833
:1033700000F08BF9786800F09AF97B6800221A77E0
:10338000BB6803F00403002B20D0FB6803F00403A8
:10339000002B1BD07B681B686FF004021A617B68EE
:1033A00002221A777B681B689B6903F44073002B29
:1033B00003D0786800F072F905E0786800F065F9EC
:1033C000786800F074F97B6800221A77BB6803F014
:1033D0000803002B20D0FB6803F00803002B1BD050
:1033E0007B681B686FF008021A617B6804221A77F9
:1033F0007B681B68DB6903F00303002B03D078684C
:1034000000F04CF905E0786800F03FF9786800F0CA
:103410004EF97B6800221A77BB6803F01003002B7B
:1034200020D0FB6803F01003002B1BD07B681B68C7
:103430006FF010021A617B6808221A777B681B689C
:10344000DB6903F44073002B03D0786800F026F9A1
:1034500005E0786800F019F9786800F028F97B68D1
:1034600000221A77BB6803F00103002B0CD0FB6825
:1034700003F00103002B07D07B681B686FF001028B
:103480001A61786802F0BEF9BB6803F08003002B74
:103490000CD0FB6803F08003002B07D07B681B680F
:1034A0006FF080021A61786800F07FFABB6803F061
:1034B0004003002B0CD0FB6803F04003002B07D027
:1034C0007B681B686FF040021A61786800F0F8F8BA
:1034D000BB6803F02003002B0CD0FB6803F0200333
:1034E000002B07D07B681B686FF020021A61786898
:1034F00000F052FA00BF1037BD4680BD80B584B0E1
:1035000000AF786039600023FB737B6893F83C3030
:10351000012B01D10223B4E07B68012283F83C2017
:103520007B68022283F83D207B681B689B68BB6038
:10353000BB6823F07703BB60BB6823F47F43BB60A9
:103540007B681B68BA689A603B681B68B3F5005FCC
:103550003ED0B3F5005F00F28780B3F5805F00F0E6
:103560008680B3F5805F7FD8702B1AD0702B7BD804
:10357000602B50D0602B77D8502B3CD0502B73D879
:10358000402B58D0402B6FD8302B64D0302B6BD8C9
:10359000202B60D0202B67D8002B5CD0102B5AD06A
:1035A00062E07B6818683B6899683B685A683B68CA
:1035B000DB6800F074F97B681B689B68BB60BB68C4
:1035C00043F07703BB607B681B68BA689A604FE082
:1035D0007B6818683B6899683B685A683B68DB6899
:1035E00000F05DF97B681B689A687B681B6842F491
:1035F00080429A603CE07B6818683B6859683B6889
:10360000DB681A4600F0D4F87B681B685021184626
:1036100000F02BF92CE07B6818683B6859683B6820
:10362000DB681A4600F0F2F87B681B6860211846D8
:1036300000F01BF91CE07B6818683B6859683B6820
:10364000DB681A4600F0B4F87B681B684021184616
:1036500000F00BF90CE07B681A683B681B681946A0
:10366000104600F002F903E00123FB7300E000BF05
:103670007B68012283F83D207B68002283F83C2090
:10368000FB7B18461037BD4680BD80B483B000AFC9
:10369000786000BF0C37BD4680BC704780B483B0F3
:1036A00000AF786000BF0C37BD4680BC704780B467
:1036B00083B000AF786000BF0C37BD4680BC704758
:1036C00080B483B000AF786000BF0C37BD4680BCCB
:1036D0007047000080B485B000AF786039607B68C7
:1036E0001B68FB607B682F4A93420BD07B68B3F169
:1036F000804F07D07B682C4A934203D07B682B4ACB
:10370000934208D1FB6823F07003FB603B685B6861
:10371000FA681343FB607B68224A93420BD07B68B4
:10372000B3F1804F07D07B681F4A934203D07B6878
:103730001E4A934208D1FB6823F44073FB603B6848
:10374000DB68FA681343FB60FB6823F080023B6888
:103750005B691343FB607B68FA681A603B689A6890
:103760007B68DA623B681A687B689A627B680D4AFC
:10377000934203D13B681A697B681A637B68012214
:103780005A617B681B6903F00103002B05D07B683D
:103790001B6923F001027B681A6100BF1437BD4624
:1037A00080BC7047002C014000040040000800402D
:1037B00080B487B000AFF860B9607A60FB681B6ABC
:1037C0007B61FB681B6A23F00102FB681A62FB68DD
:1037D0009B693B613B6923F0F0033B617B681B0104
:1037E0003A6913433B617B6923F00A037B617A6981
:1037F000BB6813437B61FB683A699A61FB687A692D
:103800001A6200BF1C37BD4680BC704780B487B0C9
:1038100000AFF860B9607A60FB681B6A7B61FB6887
:103820001B6A23F01002FB681A62FB689B693B610C
:103830003B6923F470433B617B681B033A69134384
:103840003B617B6923F0A0037B61BB681B017A6944
:1038500013437B61FB683A699A61FB687A691A6273
:1038600000BF1C37BD4680BC704780B485B000AF38
:10387000786039607B689B68FB60FB6823F07003AD
:10388000FB603A68FB68134343F00703FB607B6807
:10389000FA689A6000BF1437BD4680BC704780B498
:1038A00087B000AFF860B9607A603B60FB689B68E6
:1038B0007B617B6923F47F437B613B681A027B68F1
:1038C0001A43BB6813437A6913437B61FB687A69C7
:1038D0009A6000BF1C37BD4680BC704780B485B07D
:1038E00000AF786039607B6893F83C30012B01D1E0
:1038F000022346E07B68012283F83C207B68022299
:1039000083F83D207B681B685B68FB607B681B68F5
:103910009B68BB60FB6823F07003FB603B681B681F
:10392000FA681343FB607B681B68FA685A607B681F
:103930001B68164A93420ED07B681B68B3F1804F18
:1039400009D07B681B68124A934204D07B681B68CD
:10395000104A93420CD1BB6823F08003BB603B68E4
:103960005B68BA681343BB607B681B68BA689A607F
:103970007B68012283F83D207B68002283F83C208D
:10398000002318461437BD4680BC7047002C014008
:10399000000400400008004080B483B000AF7860AD
:1039A00000BF0C37BD4680BC704780B483B000AF09
:1039B000786000BF0C37BD4680BC704780B582B0D0
:1039C00000AF78607B68002B01D1012342E07B6867
:1039D00093F84130DBB2002B06D17B68002283F8DC
:1039E0004020786803F09EFA7B68242283F8412007
:1039F0007B681B68DA687B681B6822F40052DA6017
:103A0000786800F0CFFF7B681B681A697B681B68C9
:103A100022F490421A617B681B685A697B681B68B4
:103A200022F02A025A617B681B68DA687B681B688F
:103A300042F40052DA607B6800225A647B682022DC
:103A400083F841207B68202283F842207B68002293
:103A50005A63002318460837BD4680BD80B58AB03A
:103A600002AFF860B9603B601346FB8000237B61C6
:103A7000FB6893F84130DBB2202B75D1BB68002B7B
:103A800002D0FB88002B01D101236EE0FB680022ED
:103A90005A64FB68212283F84120FDF7F1FF786129
:103AA000FB68FA889A84FB68FA88DA84FB689B686A
:103AB000B3F5805F08D1FB681B69002B04D100239C
:103AC000FB61BB68BB6103E0BB68FB610023BB61BA
:103AD0002EE03B6800937B6900228021F86800F0AB
:103AE000ACFC0346002B05D0FB68202283F8412064
:103AF00003233AE0FB69002B0BD1BB691B881A46F4
:103B0000FB681B68C2F308025A60BB690233BB61E1
:103B100007E0FB691A78FB681B685A60FB69013390
:103B2000FB61FB68DB8C9BB2013B9AB2FB68DA84D9
:103B3000FB68DB8C9BB2002BCBD13B6800937B698D
:103B400000224021F86800F078FC0346002B05D0E5
:103B5000FB68202283F84120032306E0FB68202233
:103B600083F84120002300E0022318462037BD4699
:103B700080BD80B584B000AFF860B9601346FB80AB
:103B8000FB6893F84230DBB2202B12D1BB68002BCC
:103B900002D0FB88002B01D101230BE0FB6800223F
:103BA0001A63FB881A46B968F86800F09FFC034660
:103BB00000E0022318461037BD4680BD80B590B0A6
:103BC00000AF78600023FB637B681B685B6903F0D0
:103BD0008003002B14BF01230023DBB2FB637B684F
:103BE00093F84130DBB2212B28D1FB6B002B25D081
:103BF0007B681B6814337B627B6A53E8003F3B623F
:103C00003B6A23F08003BB637B681B681433BA6B89
:103C10003A63FB62F96A3A6B41E80023BB62BB6A14
:103C2000002BE5D17B689B6B002B04D07B689B6BE2
:103C30001846FEF7DBFD786800F0F2FC7B681B6835
:103C40005B6903F04003002B14BF01230023DBB2A8
:103C5000FB637B6893F84230DBB2222B28D1FB6BED
:103C6000002B25D07B681B6814333B613B6953E80C
:103C7000003FFB60FB6823F040037B637B681B68AD
:103C800014337A6BFA61BB61B969FA6941E80023C0
:103C90007B617B69002BE5D17B68DB6B002B04D05B
:103CA0007B68DB6B1846FEF7A1FD786800F0DFFC4F
:103CB000002318464037BD4680BD000080B5BAB02D
:103CC00000AF78607B681B681B68C7F8E4307B68CE
:103CD0001B68DB68C7F8E0307B681B685B69C7F866
:103CE000DC300023C7F8D8300023C7F8D430D7F829
:103CF000E43003F00F03C7F8D830D7F8D830002BE2
:103D00000FD1D7F8E43003F02003002B09D0D7F807
:103D1000E03003F02003002B03D0786800F084FD2E
:103D20005BE2D7F8D830002B00F0DE80D7F8DC302B
:103D300003F00103002B06D1D7F8E03003F49073B1
:103D4000002B00F0D180D7F8E43003F00103002B02
:103D50000BD0D7F8E03003F48073002B05D07B68DC
:103D60005B6C43F001027B685A64D7F8E43003F0DF
:103D70000403002B0BD0D7F8DC3003F00103002B39
:103D800005D07B685B6C43F002027B685A64D7F80D
:103D9000E43003F00203002B0BD0D7F8DC3003F043
:103DA0000103002B05D07B685B6C43F004027B6849
:103DB0005A64D7F8E43003F00803002B11D0D7F889
:103DC000E03003F02003002B05D1D7F8DC3003F0FE
:103DD0000103002B05D07B685B6C43F008027B6815
:103DE0005A647B685B6C002B00F0F281D7F8E430FA
:103DF00003F02003002B08D0D7F8E03003F02003B5
:103E0000002B02D0786800F00FFD7B681B685B69AF
:103E100003F04003002B14BF01230023DBB2C7F8DB
:103E2000D4307B685B6C03F00803002B03D1D7F818
:103E3000D430002B4FD0786800F019FC7B681B68E9
:103E40005B6903F04003002B41D07B681B6814338F
:103E5000C7F89C30D7F89C3053E8003FC7F898303B
:103E6000D7F8983023F04003C7F8D0307B681B6840
:103E70001433D7F8D020C7F8A820C7F8A430D7F853
:103E8000A410D7F8A82041E80023C7F8A030D7F83D
:103E9000A030002BD9D17B68DB6B002B13D07B6863
:103EA000DB6B7E4A5A637B68DB6B1846FEF7DAFCF5
:103EB0000346002B16D07B68DB6B5B6B7A68D26B9A
:103EC000104698470EE0786800F0A5F90AE0786897
:103ED00000F0A1F906E0786800F09DF97B68002207
:103EE0005A6475E100BF73E17B681B6B012B40F0E6
:103EF0004F81D7F8E43003F01003002B00F0488125
:103F0000D7F8E03003F01003002B00F041810023CC
:103F1000BB607B681B681B68BB607B681B685B6859
:103F2000BB60BB687B681B685B6903F04003002BC8
:103F300000F0B6807B68DB6B1B685B68A7F8BE305F
:103F4000B7F8BE30002B00F045817B689B8DB7F839
:103F5000BE209A4280F03E817B68B7F8BE20DA85A9
:103F60007B68DB6B9B69202B00F088807B681B687B
:103F70000C33C7F88830D7F8883053E8003FC7F8CB
:103F80008430D7F8843023F48073C7F8B8307B6866
:103F90001B680C33D7F8B820C7F89420C7F89030C6
:103FA000D7F89010D7F8942041E80023C7F88C3058
:103FB000D7F88C30002BD9D17B681B6814337B6712
:103FC0007B6F53E8003F3B673B6F23F00103C7F86B
:103FD000B4307B681B681433D7F8B420C7F880204E
:103FE000FB67F96FD7F8802041E80023BB67BB6F00
:103FF000002BE1D17B681B6814333B663B6E53E8B2
:10400000003FFB65FB6D23F04003C7F8B0307B68D1
:104010001B681433D7F8B020FA66BB66B96EFA6E27
:1040200041E800237B667B6E002BE3D17B68202276
:1040300083F842207B6800221A637B681B680C337C
:10404000FB64FB6C53E8003FBB64BB6C23F01003C4
:10405000C7F8AC307B681B680C33D7F8AC20BA6566
:104060007B65796DBA6D41E800233B653B6D002BA4
:10407000E3D17B68DB6B1846FEF7B8FB7B68022256
:104080005A637B689A8D7B68DB8D9BB2D31A9BB297
:104090001946786800F0C8F89CE000BF3347000874
:1040A0007B689A8D7B68DB8D9BB2D31AA7F8CE30E4
:1040B0007B68DB8D9BB2002B00F08E80B7F8CE3092
:1040C000002B00F089807B681B680C33BB63BB6BE3
:1040D00053E8003F7B637B6B23F49073C7F8C830D1
:1040E0007B681B680C33D7F8C8207A643B64396C52
:1040F0007A6C41E80023FB63FB6B002BE3D17B6808
:104100001B6814337B627B6A53E8003F3B623B6A67
:1041100023F00103C7F8C4307B681B681433D7F859
:10412000C4203A63FB62F96A3A6B41E80023BB6240
:10413000BB6A002BE3D17B68202283F842207B6896
:1041400000221A637B681B680C333B613B6953E8B0
:10415000003FFB60FB6823F01003C7F8C0307B68AA
:104160001B680C33D7F8C020FA61BB61B969FA69E2
:1041700041E800237B617B69002BE3D17B6802224D
:104180005A63B7F8CE301946786800F04DF823E04E
:10419000D7F8E43003F08003002B09D0D7F8E030E3
:1041A00003F08003002B03D0786800F0D6FA14E007
:1041B000D7F8E43003F04003002B0ED0D7F8E030FE
:1041C00003F04003002B08D0786800F015FB04E0F2
:1041D00000BF02E000BF00E000BFE837BD4680BD81
:1041E00080B483B000AF786000BF0C37BD4680BCA0
:1041F000704780B483B000AF786000BF0C37BD4615
:1042000080BC704780B483B000AF786000BF0C37CB
:10421000BD4680BC704780B483B000AF786000BFFB
:104220000C37BD4680BC704780B483B000AF786067
:104230000B467B8000BF0C37BD4680BC704780B505
:104240009CB000AF78607B685B6AFB667B681B682C
:104250001B6803F02003002B72D1FB6E0022DA856D
:10426000FB6E1B680C33FB64FB6C53E8003FBB64C4
:10427000BB6C23F48073BB66FB6E1B680C33BA6E99
:10428000BA657B65796DBA6D41E800233B653B6D8E
:10429000002BE5D1FB6E1B681433BB63BB6B53E88B
:1042A000003F7B637B6B23F001037B66FB6E1B6827
:1042B00014337A6E7A643B64396C7A6C41E800237B
:1042C000FB63FB6B002BE5D1FB6E1B6814337B6239
:1042D0007B6A53E8003F3B623B6A23F040033B6646
:1042E000FB6E1B6814333A6E3A63FB62F96A3A6BF1
:1042F00041E80023BB62BB6A002BE5D1FB6E2022A4
:1043000083F84220FB6E1B6B012B19D1FB6E1B68DF
:104310000C333B613B6953E8003FFB60FB6823F0D3
:104320001003FB65FB6E1B680C33FA6DFA61BB6111
:10433000B969FA6941E800237B617B69002BE5D10B
:10434000FB6E00225A63FB6E1B6B012B06D1FB6ECA
:104350009B8D1946F86EFFF767FF02E0F86EFFF7D6
:1043600048FF00BF7037BD4680BD80B584B000AF48
:1043700078607B685B6AFB60FB6801225A63FB68BC
:104380001B6B012B08D1FB689B8D5B089BB2194608
:10439000F868FFF749FF02E0F868FFF733FF00BF56
:1043A0001037BD4680BD80B584B000AF7860002373
:1043B000FB607B685B6ABB60BB681B685B6903F082
:1043C0008003002B14BF01230023DBB2FB60BB681A
:1043D00093F84130DBB2212B08D1FB68002B05D0CC
:1043E000BB680022DA84B86800F01AF9BB681B6861
:1043F0005B6903F04003002B14BF01230023DBB2F1
:10440000FB60BB6893F84230DBB2222B08D1FB681B
:10441000002B05D0BB680022DA85B86800F027F9C8
:10442000BB685B6C43F01002BB685A64B868FFF766
:10443000F2FE00BF1037BD4680BD80B586B000AF2C
:10444000F860B9603B601346FB713BE03B6AB3F137
:10445000FF3F37D0FDF714FB02463B68D31A3A6A98
:104460009A4202D33B6A002B01D103233AE0FB6856
:104470001B68DB6803F00403002B23D0BB68802B90
:1044800020D0BB68402B1DD0FB681B681B6803F065
:104490000803082B16D100237B61FB681B681B688F
:1044A0007B61FB681B685B687B617B69F86800F077
:1044B000DEF8FB6808225A64FB68002283F840207B
:1044C00001230FE0FB681B681A68BB681340BA68D9
:1044D0009A420CBF01230023DBB21A46FB799A42B1
:1044E000B4D0002318461837BD4680BD80B598B0BB
:1044F00000AFF860B9601346FB80BA68FB689A6247
:10450000FB68FA889A85FB6800225A64FB682222BD
:1045100083F84220FB68DB6B3E4A9A62FB68DB6BE8
:104520003D4ADA62FB68DB6B3C4A1A63FB68DB6B73
:1045300000225A6307F10803FB65FB68D86BFB6830
:104540001B6804331946FB6D1A68FB88FEF7EEF80A
:1045500000233B61FB681B681B683B61FB681B68B1
:104560005B683B613B69FB681B69002B19D0FB68EA
:104570001B680C333B643B6C53E8003FFB63FB6BF5
:1045800043F48073BB65FB681B680C33BA6DFA6437
:10459000BB64B96CFA6C41E800237B647B6C002B34
:1045A000E5D1FB681B681433FB62FB6A53E8003FEC
:1045B000BB62BB6A43F001037B65FB681B68143375
:1045C0007A6DBA637B63796BBA6B41E800233B6316
:1045D0003B6B002BE5D1FB681B681433BB61BB69E7
:1045E00053E8003F7B617B6943F040033B65FB6818
:1045F0001B6814333A6D7A623B62396A7A6A41E821
:104600000023FB61FB69002BE5D1002318466037CE
:10461000BD4680BD3F4200086B430008A743000829
:1046200080B489B000AF78607B681B680C33FB6096
:10463000FB6853E8003FBB60BB6823F0C003FB612D
:104640007B681B680C33FA69BA617B617969BA6966
:1046500041E800233B613B69002BE5D17B682022C8
:1046600083F8412000BF2437BD4680BC704780B42A
:1046700095B000AF78607B681B680C337B637B6B05
:1046800053E8003F3B633B6B23F49073FB647B6810
:104690001B680C33FA6C3A64FB63F96B3A6C41E8C3
:1046A0000023BB63BB6B002BE5D17B681B68143315
:1046B0003B623B6A53E8003FFB61FB6923F0010367
:1046C000BB647B681B681433BA6CFA62BB62B96A5C
:1046D000FA6A41E800237B627B6A002BE5D17B68A4
:1046E0001B6B012B19D17B681B680C33FB60FB68CB
:1046F00053E8003FBB60BB6823F010037B647B681A
:104700001B680C337A6CBA617B617969BA6941E8DC
:1047100000233B613B69002BE5D17B68202283F8B5
:1047200042207B6800221A6300BF5437BD4680BC1C
:10473000704780B584B000AF78607B685B6AFB60CF
:10474000FB680022DA85FB680022DA84F868FFF74C
:1047500062FD00BF1037BD4680BD80B485B000AF9C
:1047600078607B6893F84130DBB2212B3ED17B68C7
:104770009B68B3F5805F14D17B681B69002B10D157
:104780007B681B6AFB60FB681B881A467B681B689A
:10479000C2F308025A607B681B6A9A1C7B681A6223
:1047A00008E07B681B6A591C7A6811621A787B687A
:1047B0001B685A607B68DB8C9BB2013B9BB27A68BA
:1047C0001946D184002B0FD17B681B68DA687B689F
:1047D0001B6822F08002DA607B681B68DA687B68FD
:1047E0001B6842F04002DA60002300E00223184612
:1047F0001437BD4680BC704780B582B000AF78608A
:104800007B681B68DA687B681B6822F04002DA600C
:104810007B68202283F841207868FFF7E1FC0023C1
:1048200018460837BD4680BD80B58CB000AF7860B3
:104830007B6893F84230DBB2222B40F0AE807B687D
:104840009B68B3F5805F17D17B681B69002B13D180
:104850000023FB627B689B6ABB627B681B685B68AA
:104860009BB2C3F308039AB2BB6A1A807B689B6A47
:104870009A1C7B689A6226E07B689B6AFB62002335
:10488000BB627B689B68B3F5805F07D07B689B68E1
:10489000002B0AD17B681B69002B06D17B681B6843
:1048A0005B68DAB2FB6A1A7008E07B681B685B68B9
:1048B000DBB203F07F03DAB2FB6A1A707B689B6A93
:1048C0005A1C7B689A627B68DB8D9BB2013B9BB272
:1048D0007A681946D185002B5DD17B681B68DA6840
:1048E0007B681B6822F02002DA607B681B68DA684C
:1048F0007B681B6822F48072DA607B681B685A69E7
:104900007B681B6822F001025A617B68202283F8D1
:1049100042207B6800225A637B681B6B012B35D1D8
:104920007B6800221A637B681B680C337B617B69A0
:1049300053E8003F3B613B6923F010037B627B68D7
:104940001B680C337A6A3A62FB61F9693A6A41E89A
:104950000023BB61BB69002BE5D17B681B681B682A
:1049600003F01003102B0AD10023FB607B681B6847
:104970001B68FB607B681B685B68FB60FB687B688F
:104980009B8D19467868FFF74FFC02E07868FFF7C7
:1049900030FC002302E0002300E0022318463037F9
:1049A000BD4680BD80B584B000AF78607B681B6871
:1049B0001B6923F440517B68DA687B681B680A43F3
:1049C0001A617B689A687B681B691A437B685B691C
:1049D0001343BB607B681B68DB6823F4B05323F090
:1049E0000C037A681268B9680B43D3607B681B6854
:1049F0005B6923F440717B689A697B681B680A4392
:104A00005A617B681B682C4A934203D1FDF744FC32
:104A1000F86002E0FDF72CFCF860FA6813469B0092
:104A200013449A001A447B685B689B00B2FBF3F363
:104A3000224AA2FB03235B091901FA6813469B0073
:104A400013449A001A447B685B689B00B2FBF3F244
:104A50001A4BA3FB02035B09642000FB03F3D31A88
:104A60001B013233154AA2FB03235B0903F0F00359
:104A70001944FA6813469B0013449A001A447B6851
:104A80005B689B00B2FBF3F20C4BA3FB02035B09D8
:104A9000642000FB03F3D31A1B013233074AA2FB45
:104AA00003235B0903F00F027B681B680A449A60CA
:104AB00000BF1037BD4680BD003801401F85EB5157
:104AC00080B582B000AF0346FB71104B1B781846CF
:104AD000FA790F4903465B0003445B00134451F825
:104AE0002330A3F500031846FCF70AF803464FF0FD
:104AF00050511846FCF758F8034606491846FCF78B
:104B000053F8034618460837BD4680BD9102002081
:104B10009402002000401C45B0B584B000AF78601E
:104B20000023FB600C4B5B78DBB2002B18D1002319
:104B3000FB600BE0FB689B007A6813441A68074926
:104B4000FB6841F82320FB680133FB60FB68052B01
:104B5000F0DD00F04FBE00BF1C010020BC000020B3
:104B6000BB4B5B78DBB2012B40F00A84B94B1A686F
:104B70007B681B6819461046FCF716F80346184672
:104B8000FBF74AFCB0A3D3E90023FBF7C7FD0246BD
:104B90000B4614461D46AF4B5A687B6804331B68AE
:104BA00019461046FCF700F803461846FBF734FC9C
:104BB000A5A3D3E90023FBF7B1FD02460B4620462F
:104BC0002946FBF7CBFA02460B4614461D46A14B7D
:104BD0009A687B6808331B6819461046FBF7E4FFA8
:104BE00003461846FBF718FC97A3D3E90023FBF70D
:104BF00095FD02460B4620462946FBF7AFFA0246D2
:104C00000B4614461D46934BDA687B680C331B68D1
:104C100019461046FBF7C8FF03461846FBF7FCFB96
:104C200089A3D3E90023FBF779FD02460B46204612
:104C30002946FBF793FA02460B4614461D46854B60
:104C40001A697B6810331B6819461046FBF7ACFFE6
:104C500003461846FBF7E0FB7BA3D3E90023FBF7F1
:104C60005DFD02460B4620462946FBF777FA0246D1
:104C70000B4614461D46774B5A697B6814331B68F4
:104C800019461046FBF790FF03461846FBF7C4FB96
:104C90006DA3D3E90023FBF741FD02460B462046F6
:104CA0002946FBF75BFA02460B4610461946FBF70E
:104CB0001DFE0346684A1360664B9A697B681B6851
:104CC00019461046FBF770FF03461846FBF7A4FB96
:104CD0005DA3D3E90023FBF721FD02460B461446F2
:104CE0001D465C4BDA697B6804331B681946104625
:104CF000FBF75AFF03461846FBF78EFB52A3D3E996
:104D00000023FBF70BFD02460B4620462946FBF726
:104D100025FA02460B4614461D464E4B1A6A7B681E
:104D200008331B6819461046FBF73EFF034618463A
:104D3000FBF772FB44A3D3E90023FBF7EFFC024629
:104D40000B4620462946FBF709FA02460B46144655
:104D50001D46404B5A6A7B680C331B681946104647
:104D6000FBF722FF03461846FBF756FB36A3D3E9B1
:104D70000023FBF7D3FC02460B4620462946FBF7EF
:104D8000EDF902460B4614461D46324B9A6A7B6883
:104D900010331B6819461046FBF706FF03461846FA
:104DA000FBF73AFB28A3D3E90023FBF7B7FC024645
:104DB0000B4620462946FBF7D1F902460B4614461E
:104DC0001D46244BDA6A7B6814331B68194610466B
:104DD000FBF7EAFE03461846FBF71EFB1AA3D3E9CE
:104DE0000023FBF79BFC02460B4620462946FBF7B7
:104DF000B5F902460B4610461946FBF777FD034608
:104E0000154A5360134B1A6B7B681B681946104692
:104E1000FBF7CAFE03461846FBF7FEFA0AA3D3E9DE
:104E20000023FBF77BFC02460B4614461D46094B4C
:104E30005A6B7B6804331B6819461046FBF7B4FEB7
:104E400003460BE0AFF300809A9999999999234012
:104E50001C01002030010020BC0000201846FBF798
:104E6000DBFABFA3D3E90023FBF758FC02460B464D
:104E700020462946FBF772F902460B4614461D46AA
:104E8000B94B9A6B7B6808331B6819461046FBF7D1
:104E90008BFE03461846FBF7BFFAB1A3D3E9002304
:104EA000FBF73CFC02460B4620462946FBF756F929
:104EB00002460B4614461D46AB4BDA6B7B680C333F
:104EC0001B6819461046FBF76FFE03461846FBF7B2
:104ED000A3FAA3A3D3E90023FBF720FC02460B4669
:104EE00020462946FBF73AF902460B4614461D4672
:104EF0009D4B1A6C7B6810331B6819461046FBF7F4
:104F000053FE03461846FBF787FA95A3D3E900231F
:104F1000FBF704FC02460B4620462946FBF71EF928
:104F200002460B4614461D468F4B5A6C7B68143361
:104F30001B6819461046FBF737FE03461846FBF779
:104F40006BFA87A3D3E90023FBF7E8FB02460B4685
:104F500020462946FBF702F902460B461046194641
:104F6000FBF7C4FC0346814A93607F4B9A6C7B68D5
:104F70001B6819461046FBF717FE03461846FBF759
:104F80004BFA77A3D3E90023FBF7C8FB02460B4695
:104F900014461D46744BDA6C7B6804331B68194653
:104FA0001046FBF701FE03461846FBF735FA6CA3E3
:104FB000D3E90023FBF7B2FB02460B462046294605
:104FC000FBF7CCF802460B4614461D46664B1A6D9D
:104FD0007B6808331B6819461046FBF7E5FD03465E
:104FE0001846FBF719FA5EA3D3E90023FBF796FBFB
:104FF00002460B4620462946FBF7B0F802460B4610
:1050000014461D46584B5A6D7B680C331B68194675
:105010001046FBF7C9FD03461846FBF7FDF950A300
:10502000D3E90023FBF77AFB02460B4620462946CC
:10503000FBF794F802460B4614461D464A4B9A6D00
:105040007B6810331B6819461046FBF7ADFD03461D
:105050001846FBF7E1F942A3D3E90023FBF75EFB17
:1050600002460B4620462946FBF778F802460B46D7
:1050700014461D463C4BDA6D7B6814331B68194699
:105080001046FBF791FD03461846FBF7C5F934A31C
:10509000D3E90023FBF742FB02460B462046294694
:1050A000FBF75CF802460B4610461946FBF71EFC60
:1050B00003462E4AD3602C4B1A6E7B681B68194638
:1050C0001046FBF771FD03461846FBF7A5F924A32C
:1050D000D3E90023FBF722FB02460B4614461D468C
:1050E000214B5A6E7B6804331B6819461046FBF748
:1050F0005BFD03461846FBF78FF919A3D3E900239C
:10510000FBF70CFB02460B4620462946FBF726F828
:1051100002460B4614461D46134B9A6E7B680833B5
:105120001B6819461046FBF73FFD03461846FBF780
:1051300073F90BA3D3E90023FBF7F0FA02460B4601
:1051400020462946FBF70AF802460B4614461D4640
:10515000054BDA6E7B680C330AE000BFAFF30080CA
:105160009A9999999999234030010020BC00002018
:105170001B6819461046FBF717FD03461846FBF758
:105180004BF97BA3D3E90023FBF7C8FA02460B4691
:1051900020462946FAF7E2FF02460B4614461D4612
:1051A000754B1A6F7B6810331B6819461046FBF766
:1051B000FBFC03461846FBF72FF96DA3D3E9002348
:1051C000FBF7ACFA02460B4620462946FAF7C6FF23
:1051D00002460B4614461D46674B5A6F7B681433D4
:1051E0001B6819461046FBF7DFFC03461846FBF721
:1051F00013F95FA3D3E90023FBF790FA02460B46AD
:1052000020462946FAF7AAFF02460B4610461946E1
:10521000FBF76CFB0346594A1361574B9A6F7B6847
:105220001B6819461046FBF7BFFC03461846FBF700
:10523000F3F84FA3D3E90023FBF770FA02460B46BD
:1052400014461D464C4BDA6F7B6804331B681946C5
:105250001046FBF7A9FC03461846FBF7DDF844A30C
:10526000D3E90023FBF75AFA02460B4620462946AB
:10527000FAF774FF02460B4614461D463E4BD3F820
:1052800080207B6808331B6819461046FBF78CFCAE
:1052900003461846FBF7C0F835A3D3E90023FBF714
:1052A0003DFA02460B4620462946FAF757FF0246CA
:1052B0000B4614461D46304BD3F884207B680C33D4
:1052C0001B6819461046FBF76FFC03461846FBF7B0
:1052D000A3F827A3D3E90023FBF720FA02460B46E5
:1052E00020462946FAF73AFF02460B4614461D4669
:1052F000214BD3F888207B6810331B681946104671
:10530000FBF752FC03461846FBF786F818A3D3E9CF
:105310000023FBF703FA02460B4620462946FAF71C
:105320001DFF02460B4614461D46134BD3F88C2036
:105330007B6814331B6819461046FBF735FC03469F
:105340001846FBF769F80AA3D3E90023FBF7E6F94F
:1053500002460B4620462946FAF700FF02460B4656
:1053600010461946FBF7C2FA0346044A536141E26C
:105370009A9999999999234030010020BC00002006
:10538000944B5B78DBB2022B40F03482924B1A686C
:105390007B681B6819461046FBF706FC03461C4653
:1053A0008D4B5A687B6804331B6819461046FBF71F
:1053B000FBFB034619462046FBF7EEFA03461C4664
:1053C000854B9A687B6808331B6819461046FBF7C3
:1053D000EBFB034619462046FBF7DEFA03461C4664
:1053E0007D4BDA687B680C331B6819461046FBF767
:1053F000DBFB034619462046FBF7CEFA03461C4664
:10540000754B1A697B6810331B6819461046FBF709
:10541000CBFB034619462046FBF7BEFA03461C4663
:105420006D4B5A697B6814331B6819461046FBF7AD
:10543000BBFB034619462046FBF7AEFA03461A4665
:10544000664B1A60644B9A697B681B681946104664
:10545000FBF7AAFB03461C465F4BDA697B68043303
:105460001B6819461046FBF79FFB0346194620466A
:10547000FBF792FA03461C46574B1A6A7B680833BF
:105480001B6819461046FBF78FFB0346194620465A
:10549000FBF782FA03461C464F4B5A6A7B680C3373
:1054A0001B6819461046FBF77FFB0346194620464A
:1054B000FBF772FA03461C46474B9A6A7B68103327
:1054C0001B6819461046FBF76FFB0346194620463A
:1054D000FBF762FA03461C463F4BDA6A7B681433DB
:1054E0001B6819461046FBF75FFB0346194620462A
:1054F000FBF752FA03461A46384B5A60364B1A6B82
:105500007B681B6819461046FBF74EFB03461C469A
:10551000314B5A6B7B6804331B6819461046FBF706
:1055200043FB034619462046FBF736FA03461C4662
:10553000294B9A6B7B6808331B6819461046FBF7AA
:1055400033FB034619462046FBF726FA03461C4662
:10555000214BDA6B7B680C331B6819461046FBF74E
:1055600023FB034619462046FBF716FA03461C4662
:10557000194B1A6C7B6810331B6819461046FBF7F1
:1055800013FB034619462046FBF706FA03461C4662
:10559000114B5A6C7B6814331B6819461046FBF795
:1055A00003FB034619462046FBF7F6F903461A4665
:1055B0000A4B9A60084B9A6C7B681B681946104628
:1055C000FBF7F2FA03461C46034BDA6C7B680433A4
:1055D00006E000BF1C01002030010020BC000020BC
:1055E0001B6819461046FBF7DFFA034619462046AA
:1055F000FBF7D2F903461C46804B1A6D7B680833D3
:105600001B6819461046FBF7CFFA03461946204699
:10561000FBF7C2F903461C46784B5A6D7B680C3386
:105620001B6819461046FBF7BFFA03461946204689
:10563000FBF7B2F903461C46704B9A6D7B6810333A
:105640001B6819461046FBF7AFFA03461946204679
:10565000FBF7A2F903461C46684BDA6D7B681433EE
:105660001B6819461046FBF79FFA03461946204669
:10567000FBF792F903461A46614BDA605F4B1A6EEC
:105680007B681B6819461046FBF78EFA03461C46DA
:105690005A4B5A6E7B6804331B6819461046FBF759
:1056A00083FA034619462046FBF776F903461C4663
:1056B000524B9A6E7B6808331B6819461046FBF7FD
:1056C00073FA034619462046FBF766F903461C4663
:1056D0004A4BDA6E7B680C331B6819461046FBF7A1
:1056E00063FA034619462046FBF756F903461C4663
:1056F000424B1A6F7B6810331B6819461046FBF744
:1057000053FA034619462046FBF746F903461C4662
:105710003A4B5A6F7B6814331B6819461046FBF7E7
:1057200043FA034619462046FBF736F903461A4664
:10573000334B1A61314B9A6F7B681B6819461046D0
:10574000FBF732FA03461C462C4BDA6F7B680433B6
:105750001B6819461046FBF727FA034619462046F0
:10576000FBF71AF903461C46244BD3F880207B68CC
:1057700008331B6819461046FBF716FA034619460C
:105780002046FBF709F903461C461C4BD3F884203E
:105790007B680C331B6819461046FBF705FA034675
:1057A00019462046FBF7F8F803461C46134BD3F87E
:1057B00088207B6810331B6819461046FBF7F4F904
:1057C000034619462046FBF7E7F803461C460B4BF9
:1057D000D3F88C207B6814331B6819461046FBF7FE
:1057E000E3F9034619462046FBF7D6F803461A4666
:1057F000034B5A6100BF1037BD46B0BD30010020D9
:10580000BC00002090B583B000AF78607B681B6857
:10581000B3F1804F40F08980464B1B680133454A05
:105820001360444B1968444BA3FB01235A081346E9
:105830005B001344CA1A002A77D100F0A7F9034687
:105840003E4A127814461846FBF7FEFA02463C49D7
:1058500023465B002344DB000B441A6000F096F9FA
:105860000346364A127814461846FBF7EDFA02460C
:10587000334923465B002344DB000B4404331A60A6
:1058800000F084F903462D4A127814461846FBF7B7
:10589000DBFA02462A4923465B002344DB000B4423
:1058A00008331A6000F072F90346244A127814464D
:1058B0001846FBF7C9FA0246214923465B002344F8
:1058C000DB000B440C331A6000F060F903461B4AFE
:1058D000127814461846FBF7B7FA024618492346D1
:1058E0005B002344DB000B4410331A6000F04EF9D8
:1058F0000346124A127814461846FBF7A5FA0246E8
:105900000F4923465B002344DB000B4414331A6029
:105910000A4B1B780133DAB2084B1A70074B1B781D
:105920003F2B02D9054B00221A7000BF0C37BD4631
:1059300090BD00BFB8000020ABAAAAAA9002002028
:105940009402002080B582B000AF78607868FBF7E1
:105950009BFA03469AB2642379680348FEF77EF8FF
:1059600000BF0837BD4680BD240B002080B584B041
:1059700000AF786039607868FBF786FA03469AB220
:10598000642379683D48FEF769F80023BB736CE037
:10599000BB7B3A6813441B787B730023FB737B7BD0
:1059A000632B18D97B7B364AA2FB03235B09DAB24F
:1059B000FB7B591CF9733032D2B210333B4403F8ED
:1059C000082C7B7B2E4AA2FB03125209642101FBA7
:1059D00002F29B1A7B737B7B092B19D97B7B294AAB
:1059E000A2FB0323DB08DAB2FB7B591CF9733032CC
:1059F000D2B210333B4403F8082C7A7B214BA3FB33
:105A00000213D9080B469B000B445B00D31A7B732F
:105A1000FB7B5A1CFA7319467B7B3033DAB201F1F7
:105A200010033B4403F8082CFB7B10333B4400225B
:105A300003F8082CFB7B9AB207F1080164230F4896
:105A4000FEF70CF8BB7B022B01D80F4900E00F4991
:105A5000BB7B022B01D8012200E00222642307480D
:105A6000FDF7FCFFBB7B0133BB73BB7B032B8FD9E3
:105A700000BF00BF1037BD4680BD00BF240B002013
:105A80001F85EB51CDCCCCCCA4B80008A8B8000839
:105A900080B584B000AF78600B46FB70FB781B09C3
:105AA000DBB21A46114B9B5C3B72FB7803F00F0391
:105AB0000E4AD35C7B720D23BB720A23FB72002358
:105AC0003B737868FBF7E0F903469AB26423796880
:105AD0000748FDF7C3FF07F10801642304220448C7
:105AE000FDF7BCFF00BF1037BD4680BDE4B0000825
:105AF000240B002080B485B000AF78607B68FB6029
:105B0000FB68054A5A63FB684FF480529A6300BFF2
:105B10001437BD4680BC7047000C014080B582B090
:105B200000AF786039603B689BB201221946786803
:105B3000FCF768FD00BF0837BD4680BD80B582B068
:105B400000AF786039603B689BB2002219467868E4
:105B5000FCF758FD00BF0837BD4680BD80B586B054
:105B600002AFF860B9601346FB80FB884FF6FF7206
:105B70000092BA68F9680448FBF775FC00231846E0
:105B80001037BD4680BD00BF400A002080B500AF81
:105B900001210B4804F0C6FA00BF8021084804F038
:105BA000D5FB0346012BF8D0054804F0EEFA044B70
:105BB0009B6C1846FAF7A0FF0346184680BD00BF4D
:105BC0000802002080B584B000AF0346FB71734823
:105BD00004F072F9714804F0A1F9704804F0C4F9B6
:105BE0000346FB73FB7B282B04D06D48FFF7AAFE0E
:105BF00000BFFDE7694804F0B4FA684B012283F85E
:105C00005020664B002283F85120644B002283F819
:105C10005220624B012283F8532009215F4804F08F
:105C2000B3F95E4B012283F850205C4B002283F8CD
:105C300051205A4B022283F85220584B032283F8FA
:105C400053200A21554804F09FF9544B012283F850
:105C50005020524B002283F85120504B042283F8ED
:105C600052204E4B052283F853200B214B4804F061
:105C70008BF94A4B012283F85020484B002283F8CD
:105C80005120464B062283F85220444B072283F8CA
:105C900053200C21414804F077F9404B012283F84E
:105CA00050203E4B002283F851203C4B082283F8C1
:105CB00052203A4B092283F853200D21374804F033
:105CC00063F9364B012283F85020344B002283F8CD
:105CD0005120324B0A2283F85220304B0B2283F89A
:105CE00053200E212D4804F04FF92C4B012283F84C
:105CF00064202A4B012283F86720284B012283F875
:105D00006820264B002283F86920244B002283F868
:105D10006520224B002283F86620204B072283F85F
:105D20006A201E4B402283F86B20FB799AB21B4BF2
:105D3000A3F86C200021194804F051F901211748FB
:105D400004F04DF90221154804F049F903211348E4
:105D500004F045F90421114804F041F905210F48E8
:105D600004F03DF90D4B022283F879200B4B002201
:105D700083F87B20094B012283F87620074B002211
:105D800083F87720054B002283F87420034804F041
:105D90008FF900BF1037BD4680BD00BF080200204C
:105DA000F8B0000880B584B000AF4848FFF7CAFDDE
:105DB0004748FFF7C7FD474801F05AFB464801F046
:105DC00065FB464801F070FB454801F07BFB3A1D3E
:105DD00004230F21002001F0ABFA3B1D1946414876
:105DE000FFF7C4FD4048FFF7ADFD40F6B833FB6058
:105DF0000023FB7213E02E21002001F01DFA034660
:105E00007B727B7A03F00103002B02D00123FB722B
:105E100008E00A20FBF73EFEFB680A3BFB60FB68DC
:105E2000002BE8D1FB7A002B01D0304B00E0304B47
:105E30001846FFF787FD01F053FB0023BB7237E0E4
:105E4000BB7A2C4A002102F83310BB7A294ADB00C6
:105E5000134400225A60BB7A4FF4FB71184601F0DC
:105E600068FB03463B723B7A132B0AD0BB7A224A6B
:105E700052F823303A7A11461846FFF709FE00F02F
:105E8000C8FDBB7A184601F099FB03463B723B7A8A
:105E9000142B0AD0BB7A194A52F823303A7A1146A9
:105EA0001846FFF7F5FD00F0B4FDBB7A0133BB7275
:105EB000BB7A032BC4D91248FFF744FD1148FFF702
:105EC00041FD00BF1037BD4680BD00BF0CB10008CA
:105ED0002CB100080C000020120000201A00002045
:105EE000160000204CB100085CB1000878B1000831
:105EF00088B10008940800203400002044000020ED
:105F0000A8B10008CCB1000880B584B000AFB9607A
:105F10007B600346FB731346BB81BA89FB7BB96880
:105F2000184601F0EBFB00BF1037BD4680BD0000F6
:105F300080B582B000AF134B1B681B6803F01003E1
:105F4000102B17D100233B600E4B1B681B683B6076
:105F50000C4B1B685B683B603B680A4BDB6B002BA0
:105F600008D0084BDB6B1B685B68FB80FB8818461E
:105F700002F086FF0348FDF7A1FE00BF0837BD46CB
:105F800080BD00BF240B002080B58CB000AF904BCB
:105F90009B78DBB2002B01D1022300E00123FB61DF
:105FA0008C4B1A688C4B1B68D31AFA699A4200F220
:105FB0000B81884B1B68884A1360854BDB78DBB20A
:105FC000002B40F0BE80854B1B78012B4FD1804BBE
:105FD0001B695A1C7E490A61BB61814B00221A7001
:105FE000BB69DAB27E4B5A70BB691B0ADAB27C4BD2
:105FF0009A70BB691B0CDAB2794BDA70BB691B0E65
:10600000DAB2774B1A710023FB6228E0754AFB6A0B
:1060100052F823307B617B693B613A69FB6A9B00E4
:106020000533D1B26E4AD1543B691A0AFB6A9B0010
:106030000633D1B26A4AD1543B691A0CFB6A9B0001
:106040000733D1B2664AD1543B691A0EFB6A023358
:106050009B00D1B2624AD154FB6A0133FB62FB6AF6
:10606000052BD3DD1D215E4803F089F8ACE05B4BC6
:106070001B78022B40F0A8800023BB6228E0594A1D
:10608000BB6A52F82330FB60FB68BB60BA68BB6A2E
:106090009B000933D1B2544AD154BB681A0ABB6A77
:1060A0009B000A33D1B2504AD154BB681A0CBB6A68
:1060B0009B000B33D1B24C4AD154BB681A0EBB6A59
:1060C00003339B00D1B2484AD154BB6A0133BB624F
:1060D000BB6A052BD3DD002387F827302CE097F827
:1060E0002730424AD35C012B21D13F4B00221A704A
:1060F0003D4B00225A703C4B00229A703A4B0022D2
:10610000DA70394B00221A71374B1B225A71364B09
:1061100001229A71344B0322DA71334B18221A721E
:1061200097F8273021223049184601F0E7FA97F80E
:106130002730013387F8273097F82730032BCED943
:1061400042E0234BDB78DBB2012B3DD100233B62E5
:1061500027E0244A3B6A52F823307B607B683B602F
:106160003A683B6A9B00D1B21D4AD1543B681A0A77
:106170003B6A9B000133D1B2194AD1543B681A0CD7
:106180003B6A9B000233D1B2154AD1543B681A0EC8
:106190003B6A9B000333D1B2114AD1543B6A0133AD
:1061A0003B623B6A052BD4DD0D4B00221A760C4B6B
:1061B00000225A760A4B80229A76094B7F22DA76A1
:1061C0001C21074803F059F800BF3037BD4680BD99
:1061D0001C010020B8000020B40800208802002024
:1061E000B8080020BC000020B80900208C02002064
:1061F00090B5E1B002AFFBF7EBFB00F0C5FB00F0A0
:106200000FFC00F0B3FC00F0D7FC00F00BFD00F039
:106210005FFE00F0EDFD03F013FC0346002B4ED1B2
:10622000B248FFF78FFBB24B1B68C7F84831002319
:10623000C7F874313EE0D7F84821AE49D7F8743139
:10624000123341F82320D7F84821AB49D7F87431ED
:1062500041F82320D7F84821A749D7F874310633ED
:1062600041F82320D7F84821A349D7F874310C33DB
:1062700041F823200023C7F8703112E0D7F8481105
:106280009E48D7F8742113465B0013445B00D7F88F
:106290007021134440F82310D7F870310133C7F848
:1062A0007031D7F87031052BE8DDD7F87431013340
:1062B000C7F87431D7F87431052BBCDD02E0904883
:1062C000FFF740FB03F00EFD8E4B02225A708E4802
:1062D000FFF738FB8D48FFF735FB01F0A9F80346BF
:1062E000002B03D18A48FFF72DFB02E08948FFF716
:1062F00029FB0320FFF766FC8748FFF723FB87484D
:10630000FFF720FB04F036FAC7F86001D7F86031D8
:10631000002B09D18248FFF715FB824B1B7A1946E7
:106320008148FFF7B5FB14E08048FFF70BFBD7F877
:1063300060311B0ADBB219467B48FFF7A9FBD7F88F
:106340006031DBB219467848FFF7A2FB7848FFF7C7
:10635000F9FA7848FFF7F6FA04F05AFAC7F85C0140
:10636000D7F85C31002B01D1734B00E0734B18461A
:10637000FFF7E8FA7248FFF7E5FA04F0A3FAC7F866
:106380005801D7F85831002B03D16E48FFF7DAFADD
:1063900017E06D48FFF7D6FAD7F8583103F48013A9
:1063A000002B02D06948FFF7CDFAD7F8583103F433
:1063B0000013002B02D06648FFF7C4FA5C48FFF7D1
:1063C000C1FA644804F078FCFFF7ECFC6248FCF783
:1063D00053FF62495F4802F005FD614B1B68614A4B
:1063E00013605F4B1A68604B1B68D31A41F2873207
:1063F000934206D95D48FFF7A5FA594B1B685A4AE4
:10640000136007F5987300221A605A609A60DA6088
:106410001A615A61564B1A78564B1B789A424ED0E5
:10642000544B1A78524B1A70002387F86F3133E0BF
:1064300097F86F4197F86F311846FEF741FB024617
:10644000A30003F5BC733B4443F8482C2D4B1B7948
:10645000DBB2002B1BD197F86F31264A123352F86A
:10646000232097F86F319B0003F5BC733B4453F82E
:10647000483C97F86F4111461846FAF78BFA0346E5
:106480001A46A30003F5BC733B4443F8482C97F825
:106490006F31013387F86F3197F86F31052BC7D90A
:1064A000184B1B79DBB2012B04D107F59873184602
:1064B00003F058FC07F598731846FEF72DFB03F020
:1064C000BBFC0346002B09D00E4B00221A7103F0CF
:1064D000A7FC03F000FC2848FFF734FA094B1B78AF
:1064E000DBB2012B4AD1FFF74FFDB9E0E8B100085C
:1064F000ACB80008BC000020C00100203001002022
:1065000014B200081C01002030B2000854B2000888
:106510006CB200088CB20008A4B20008B4B2000843
:10652000D8B20008CC160020F0B20008F4B200087F
:106530000CB3000810B300082CB3000848B30008DF
:1065400058B300087CB300089CB30008ACB3000843
:10655000B4B30008240B0020DC0A0020E1930008FB
:10656000B8000020B4080020DC090020BCB30008FB
:106570009102002090020020C0B30008994B1B78C4
:10658000DBB2022B68D1974B1B695A1C95490A61F3
:10659000C7F85431002387F81031D7F85431DBB2F3
:1065A00087F81131D7F854311B0ADBB287F8123162
:1065B000D7F854311B0CDBB287F81331D7F85431BC
:1065C0001B0EDBB287F814310023C7F8683135E0C1
:1065D000854AD7F8683152F82330C7F80C31D7F81C
:1065E0000C31C7F80831D7F80821D7F868319B007B
:1065F0000533D2B203F5BC733B4403F8682CD7F8DB
:1066000008311A0AD7F868319B000633D2B203F575
:10661000BC733B4403F8682CD7F808311A0CD7F840
:1066200068319B000733D2B203F5BC733B4403F8D7
:10663000682CD7F868310133C7F86831D7F868316A
:10664000052BC5DD07F588731D21184602F097FD5F
:10665000644B00221A7003E0644B1B68644A1360A9
:1066600002F032FC002387F867317AE197F867314E
:10667000184601F01AF8034687F8533197F8673146
:10668000184600F0C8FF034687F8523197F8533197
:1066900003F00103002B20D097F867310121184641
:1066A00001F016F897F86731524A012102F83310C9
:1066B00097F867314D4A12684E49DB000B445A6027
:1066C00097F867314C4A0121D15497F867314B4A0A
:1066D00052F823301846FFF735F997F85231172B47
:1066E00017D197F86731434A12F83330002B10D195
:1066F00097F867313F4A012102F8331097F8673164
:106700003A4A12683B49DB000B445A603C48FFF7A9
:1067100019F997F8533103F00203002B2DD097F8A5
:1067200067310221184600F0D3FF97F86731314AEC
:10673000002102F8331097F86731184600F07EFF09
:1067400097F867314FF4FB71184600F0F2FE97F8A6
:106750006731184600F032FF97F86731294A012166
:10676000D15497F8674197F86731184600F053FF06
:1067700003461A46244B1A55EEE097F8533103F0BE
:106780000803002B42D097F867310821184600F023
:106790009FFF97F86731174A002102F8331097F8E6
:1067A0006731184600F04AFF97F867314FF4FB71E4
:1067B000184600F0BEFE97F86731184600F0FEFE5E
:1067C00097F867310F4A0121D15497F8674197F83C
:1067D0006731184600F01FFF03461A460A4B1A5548
:1067E000BAE000BF1C010020BC000020B80000205F
:1067F000B4080020940800208C02002054000020DF
:10680000E8B30008E0090020E409002097F85331BC
:1068100003F00403002B2CD097F86731184600F0E2
:10682000EEFF0346A7F85031B7F85031002B1AD0CD
:10683000B7F85031B3F5827F28BF4FF48273A7F8C1
:106840004E31B7F84E21391D97F86731184600F0E0
:10685000E9FFB7F84E21391D97F86701002300932F
:10686000434B02F069F897F867310421184600F0AD
:106870002FFF97F85231172B19D097F867313D4AFF
:1068800012F83330002B12D097F86731394A0021C3
:1068900002F8331097F86731374A0021D15497F83E
:1068A0006731364A52F823301846FFF74BF897F80D
:1068B0005231002B03D097F852311C2B37D197F867
:1068C00067312F4AD35C002B31D097F867312D4ABE
:1068D000D35C97F852219A423ED097F86731254A07
:1068E00012F83330002B0AD097F86731214A002183
:1068F00002F8331097F86731184600F09FFE97F8BA
:1069000067314FF4FB71184600F013FE97F86731BA
:10691000184600F053FE97F8674197F8673118461C
:1069200000F079FE03461A46164B1A5514E097F804
:106930006731134AD35C002B0ED197F85231002BEC
:106940000AD097F867310F4997F85221CA5497F83F
:1069500067310B4A0121D15497F86731013387F829
:10696000673197F86731032B7FF680AE39E500BFBA
:10697000095F0008940800208C02002064000020B9
:10698000E0090020E409002080B590B000AF07F1D5
:10699000180328220021184604F05EFB3B1D00224C
:1069A0001A605A609A60DA601A610123BB614FF481
:1069B0008033FB6100233B620123BB6202237B63C4
:1069C0004FF48033BB634FF4E013FB6307F118030C
:1069D0001846FBF783F80346002B01D000F019F8A6
:1069E0000F237B600223BB600023FB604FF48063B6
:1069F0003B6100237B613B1D02211846FBF7F0FA47
:106A00000346002B01D000F004F800BF4037BD461C
:106A100080BD80B400AF72B600BF00BFFDE70000CC
:106A200080B588B000AF07F1100300221A605A60E9
:106A30009A60DA60484B9B69474A43F010039361C0
:106A4000454B9B6903F01003FB60FB68424B9B695D
:106A5000414A43F0200393613F4B9B6903F02003BD
:106A6000BB60BB683C4B9B693B4A43F004039361AA
:106A7000394B9B6903F004037B607B68364B9B6951
:106A8000354A43F008039361334B9B6903F00803D5
:106A90003B603B68012210213048FBF7B3FD002228
:106AA0004FF4C0512E48FBF7ADFD4FF460433B61FE
:106AB00003237B6107F1100319462A48FBF71EFCEC
:106AC00049F603733B6103237B6107F11003194609
:106AD0002248FBF713FC10233B6101237B61002359
:106AE000BB610223FB6107F1100319461B48FBF74A
:106AF00005FC40F2FF333B6103237B6107F1100388
:106B000019461748FBF7FAFB4FF480633B61164BBD
:106B10007B610023BB6107F1100319461048FBF7A6
:106B2000EDFB4FF4C0533B6101237B610023BB614C
:106B30000223FB6107F1100319460948FBF7DEFB4E
:106B4000002200212820FCF710F92820FCF729F961
:106B500000BF2037BD4680BD001002400008014044
:106B6000000C0140001001400000211080B582B0EF
:106B700000AF104B5B690F4A43F0010353610D4BAB
:106B80005B6903F001037B607B68002200210D201C
:106B9000FCF7EBF80D20FCF704F90022002110208F
:106BA000FCF7E3F81020FCF7FCF800BF0837BD46FF
:106BB00080BD00BF0010024080B500AF174B184ADF
:106BC0001A60164B4FF482725A60144B00229A607E
:106BD000124B0022DA60114B00221A610F4B002287
:106BE0005A610E4B4FF400729A610C4B1022DA611D
:106BF0000A4B00221A62094B00225A62074B0022FC
:106C00009A62064B0A22DA620448FAF74BF9034605
:106C1000002B01D0FFF7FDFE00BF80BDE80900207A
:106C20000030014080B500AF174B184A1A60164B70
:106C30004FF482725A60144B00229A60124B002269
:106C4000DA60114B02221A610F4B01225A610E4B7E
:106C50004FF400729A610C4B1022DA610A4B002249
:106C60001A62094B00225A62074B00229A62064BB5
:106C70000A22DA620448FAF715F90346002B01D01C
:106C8000FFF7C7FE00BF80BD400A0020003800406B
:106C900080B58AB000AF786007F1180300221A604F
:106CA0005A609A60DA607B681B684A4A934256D100
:106CB000494B9B69484A43F480539361464B9B6917
:106CC00003F480537B617B69434B9B69424A43F0E9
:106CD00004039361404B9B6903F004033B613B69F0
:106CE000A023BB610223FB6103237B6207F118032E
:106CF00019463A48FBF702FB4023BB610023FB61C6
:106D000000233B6207F1180319463448FBF7F6FAF3
:106D1000334B344A1A60324B10225A60304B0022F7
:106D20009A602F4B8022DA602D4B00221A612C4B87
:106D300000225A612A4B00229A61294B0022DA6113
:106D40002748FBF799FC0346002B01D0FFF761FEB3
:106D50007B68234A9A64224A7B68536236E07B68E8
:106D60001B68214A934231D11B4BDB691A4A43F419
:106D70008043D361184BDB6903F48043FB60FB68FD
:106D8000154B9B69144A43F008039361124B9B69AE
:106D900003F00803BB60BB684FF42043BB610223D0
:106DA000FB6103237B6207F1180319460F48FBF7C9
:106DB000A5FA4FF48043BB610023FB6100233B62D3
:106DC00007F1180319460948FBF798FA00BF28375E
:106DD000BD4680BD00300140001002400008014067
:106DE000980A00203000024000380040000C0140AA
:106DF00080B586B000AF07F1080300221A605A6020
:106E00009A60DA603B4600221A605A601D4B4FF0D0
:106E100080421A601B4B47225A601A4B00229A602C
:106E2000184B40F2E732DA60164B00221A61154B1C
:106E300000229A611348FCF7CFF90346002B01D0DA
:106E4000FFF7E7FD4FF48053BB6007F108031946D5
:106E50000C48FCF753FB0346002B01D0FFF7D9FD8C
:106E600000233B6000237B603B4619460548FCF746
:106E700035FD0346002B01D0FFF7CBFD00BF1837CF
:106E8000BD4680BDDC0A002080B584B000AF7860CC
:106E90007B681B68B3F1804F13D10C4BDB690B4A45
:106EA00043F00103D361094BDB6903F00103FB608D
:106EB000FB68002201211C20FBF757FF1C20FBF779
:106EC00070FF00BF1037BD4680BD00BF00100240FC
:106ED00080B500AF114B124A1A60104B4FF4E132EB
:106EE0005A600E4B00229A600C4B0022DA600B4B6A
:106EF00000221A61094B0C225A61084B00229A6148
:106F0000064B0022DA610548FCF758FD0346002BCA
:106F100001D0FFF77EFD00BF80BD00BF240B002025
:106F20000044004080B588B000AF786007F11003DE
:106F300000221A605A609A60DA607B681B68324AE5
:106F400093425DD1314BDB69304A43F40033D36166
:106F50002E4BDB6903F40033FB60FB682B4B9B6912
:106F60002A4A43F004039361284B9B6903F004030E
:106F7000BB60BB6804233B6102237B610323FB618D
:106F800007F1100319462248FBF7B8F908233B61C3
:106F900000237B610023BB6107F1100319461C48E5
:106FA000FBF7ACF91B4B1C4A1A601A4B00225A60C3
:106FB000184B00229A60174B8022DA60154B002292
:106FC0001A61144B00225A61124B20229A61114B14
:106FD0000022DA610F48FBF74FFB0346002B01D07C
:106FE000FFF717FD7B680B4ADA630A4A7B68536236
:106FF000002200212620FBF7B8FE2620FBF7D1FE59
:1070000000BF2037BD4680BD004400400010024054
:10701000000801406C0B00206C00024080B400AFFF
:1070200000BFFDE780B400AF00BFFDE780B400AF54
:1070300000BFFDE780B400AF00BFFDE780B400AF44
:1070400000BFFDE780B400AF00BFBD4680BC704705
:1070500080B400AF00BFBD4680BC704780B400AFB5
:1070600000BFBD4680BC704780B500AFFAF7F6FCA4
:1070700000BF80BD80B500AF0248FBF76BFC00BFCE
:1070800080BD00BF980A002080B500AF0248FBF722
:1070900061FC00BF80BD00BF6C0B002080B500AF5D
:1070A0000248FCF73BF900BF80BD00BFDC0A0020AE
:1070B00080B500AF4FF48060FBF7BCFA00BF80BD25
:1070C00080B485B000AF154B9B69144A43F00103AF
:1070D0009361124B9B6903F00103BB60BB680F4BCC
:1070E000DB690E4A43F08053D3610C4BDB6903F03C
:1070F00080537B607B680A4B5B68FB60FB6823F016
:10710000E063FB60FB6843F00073FB60044AFB68CC
:10711000536000BF1437BD4680BC7047001002406A
:1071200000000140F9F7B8FE0B480C490C4A002357
:1071300002E0D458C4500433C4188C42F9D3094A2D
:10714000094C002301E013600432A242FBD303F098
:107150008BFFFFF74DF870470000002074000020FF
:1071600020BB000874000020E0160020FEE70000AD
:1071700080B500AF002210210248FBF743FA00BFA0
:1071800080BD00BF0008014080B500AF0122102182
:107190000248FBF737FA00BF80BD00BF000801407E
:1071A00080B582B000AF0346FB71F91D4FF0FF338D
:1071B00001220348F9F7FAFE00BF0837BD4680BD3B
:1071C000E809002080B582B000AFF91D4FF0FF3311
:1071D00001220448FAF72EF8FB7918460837BD4615
:1071E00080BD00BFE809002080B584B000AF034631
:1071F000FB710B46BB801346BB7197F90730DB0070
:107200005AB297F906309B005BB213435BB2FB7333
:10721000BB881B0A9BB2DBB21846FFF7C1FFBB88D5
:10722000DBB21846FFF7BCFFFB7B1846FFF7B8FF41
:1072300000BF1037BD4680BD80B584B000AF0346A7
:107240000A46FB711346BB80FFF792FFB988FB79B2
:1072500000221846FFF7C8FFFFF7B4FF0346FB7391
:10726000FFF792FFFB7B18461037BD4680BD80B507
:1072700082B000AF0346FB710B46BB801346BB7167
:10728000FFF776FFB988FB7901221846FFF7ACFFBC
:10729000BB791846FFF784FFFFF776FF00BF08377A
:1072A000BD4680BD80B584B000AF03460A46FB7181
:1072B0001346BB80FFF75CFFB988FB7900221846B4
:1072C000FFF792FFFFF77EFF03461B02FB81FFF7EC
:1072D00079FF03461A46FB891343FB81FFF754FFEE
:1072E000FB8918461037BD4680BD80B582B000AF1F
:1072F0000346FB710B46BB8013467B80FFF738FFCC
:10730000B988FB7901221846FFF76EFF7B881B0ABC
:107310009BB2DBB21846FFF743FF7B88DBB218460F
:10732000FFF73EFFFFF730FF00BF0837BD4680BDC7
:1073300090B585B000AFBA601A460346FB730B46A2
:10734000BB811346FB80FFF713FFB989FB7B00224B
:107350001846FFF749FF06E0BC68631CBB60FFF7F7
:1073600031FF03462370FB885A1EFA80002BF3D1AD
:10737000FFF70AFF00BF1437BD4690BD80B584B04B
:1073800000AFBA601A460346FB730B46BB81134637
:10739000FB80FFF7EDFEB989FB7B01221846FFF762
:1073A00023FF06E0BB685A1CBA601B781846FFF73B
:1073B000F7FEFB885A1EFA80002BF3D1FFF7E4FE9C
:1073C00000BF1037BD4680BD80B500AF01224FF42D
:1073D00000611548FBF716F93220FAF75BFB002233
:1073E00010211248FBF70EF9012200210020FFF7BF
:1073F000FBFE8020FFF7D4FE012210210B48FBF793
:1074000001F90120FAF746FB02E00120FAF742FBFE
:1074100000210020FFF710FF03465BB2002BF4DBD6
:1074200000BF00BF80BD00BF000C0140000801404C
:1074300080B582B000AFFFF7C7FF39210020FFF70A
:10744000FBFE0346FB71FB79042B01D000230BE00C
:107450004FF4FA6217210020FFF747FF0822192195
:107460000020FFF704FF012318460837BD4680BD02
:1074700080B582B000AF786006237A6809210020C9
:10748000FFF77CFF00BF0837BD4680BD80B582B0E6
:1074900000AF786004237A680F210020FFF76EFFA9
:1074A00000BF0837BD4680BD80B582B000AF7860B0
:1074B00004237A6801210020FFF760FF00BF08372E
:1074C000BD4680BD80B582B000AF786004237A6885
:1074D00005210020FFF752FF00BF0837BD4680BDE1
:1074E00080B582B000AF0023FB711AE0FB799B00EE
:1074F000DBB20133BB71FB79032B01D8022300E01F
:1075000000237B717A79BB791E211846FFF7AFFE05
:107510007A79BB791F211846FFF7A9FEFB79013361
:10752000FB71FB79072BE1D900BF00BF0837BD46CF
:1075300080BD80B586B000AF03460A46FB71134696
:10754000BB80FB799B00DBB20133FB73FB7B012229
:1075500000211846FFF78BFEBA88FB7B04211846F2
:10756000FFF7C3FEFB7B03222F211846FFF77FFEA8
:10757000FB7B012201211846FFF779FE0220FAF772
:1075800089FA00233B610FE0FB7B03211846FFF7DC
:1075900053FE0346FB75FB7D132B09D00120FAF740
:1075A00079FA3B6901333B613B69632BECDD00E019
:1075B00000BFFB7D18461837BD4680BD80B586B03C
:1075C00000AF0346FB71FB799B00DBB20133FB7319
:1075D000FB7B022201211846FFF749FE00233B6195
:1075E0000FE0FB7B03211846FFF726FE0346FB75E1
:1075F000FB7D142B09D00120FAF74CFA3B690133CB
:107600003B613B69632BECDD00E000BFFB7D18466E
:107610001837BD4680BD80B582B000AF0346FB7110
:10762000FB799B00DBB20133DBB203211846FFF785
:1076300003FE034618460837BD4680BD80B584B0BA
:1076400000AF0346FB71FB799B00DBB20133FB7299
:10765000FB7A03211846FFF7EFFD0346BB72BB7AA6
:10766000002B1CD0FB7A102201211846FFF7FFFDEA
:107670000023FB600FE0FB7A03211846FFF7DCFDD7
:107680000346BB72BB7A002B0BD00120FAF702FA3B
:10769000FB680133FB60FB68C72BECDD02E000BF39
:1076A00000E000BF1037BD4680BD80B582B000AF9E
:1076B0000346FB71FB799B00DBB20133DBB2022195
:1076C0001846FFF7B9FD034618460837BD4680BD8A
:1076D00080B582B000AF03460A46FB711346BB710A
:1076E000FB799B00DBB20133DBB2BA790221184689
:1076F000FFF7BDFD00BF0837BD4680BD80B586B031
:1077000000AF03463960FB711346BB80FB799B00D9
:10771000DBB20133FB744FF47A737B61FB7C202175
:107720001846FFF7BFFD03463B823A8ABB889A4260
:1077300009D20120FAF7AEF97B69013B7B617B69D5
:10774000002BEBD100E000BF3A8ABB889A4201D2FD
:10775000002350E0FB7C24211846FFF7A3FD0346DD
:10776000FB81FB89BB81FB799B00DBB20233D8B282
:10777000BB88B9893A68FFF701FEFA89BB881344D0
:107780009AB2FB7C24211846FFF7AFFDFB7C202238
:1077900001211846FFF76BFD4FF47A737B6123E0FC
:1077A000FB7C02211846FFF747FD0346FB72FB7A7C
:1077B00003F01003002B07D0FB7C10220221184697
:1077C000FFF755FD012316E0FB7A03F00803002BB9
:1077D00007D0FB7C082202211846FFF748FD002352
:1077E00009E00120FAF756F97B69013B7B617B696F
:1077F000002BD5D1002318461837BD4680BD80B573
:1078000082B000AF0346FB71FB799B00DBB2013312
:10781000DBB226211846FFF745FD03461846083718
:10782000BD4680BD80B586B000AF03463960FB71B0
:107830001346BB80FB799B00DBB20133FB75FB7DFC
:1078400026211846FFF72EFD0346BB82BB8A002B7C
:1078500001D1002328E0BA88BB8A934228BF13468F
:107860007B82FB7D28211846FFF71CFD03463B82E7
:107870003B8AFB81FB799B00DBB20333D8B27B8A66
:10788000F9893A68FFF754FD3A8A7B8A13449AB221
:10789000FB7D28211846FFF728FDFB7D40220121B2
:1078A0001846FFF7E4FC7B8A18461837BD4680BDB2
:1078B00080B483B000AF78607B689B889BB2013B4B
:1078C0009BB218460C37BD4680BC704780B485B06B
:1078D00000AFF860B9601346FB80FB68BA681A60B5
:1078E000FB68FA889A80FB680022DA80FB68002235
:1078F0001A8100BF1437BD4680BC704780B483B086
:1079000000AF78607B68DB889AB27B681B899BB28A
:10791000D31A9BB218460C37BD4680BC7047B0B531
:1079200084B000AF78607B681C687B681B899DB25F
:107930007868FFF7BDFF03462B409BB223441B78BA
:10794000FB737B681B899BB201339AB27B681A81F7
:10795000FB7B18461037BD46B0BDB0B582B000AF56
:1079600078600B467B807B681C687B681B899AB2B9
:107970007B8813449DB27868FFF79AFF03462B403B
:107980009BB223441B78DBB218460837BD46B0BD16
:1079900080B586B000AFF860B9601346FB80F86828
:1079A000FFF786FF0346FB821BE0FB68DB889BB288
:1079B0000133BB82FB681B899BB2BA8A9A4216D0FC
:1079C000BB685A1CBA60FA681268F968C98888B23C
:1079D000F98A014089B20A441B781370FB68BA8A9D
:1079E000DA80FB885A1EFA80002BDED100E000BF4F
:1079F0001837BD4680BD80B586B000AFF860B9606D
:107A00001346FB80F868FFF753FF0346BB82F86814
:107A1000FFF774FF03467B82FA887B8A9A4201D97A
:107A20007B8AFB800023FB8218E0FB681B68FA68F6
:107A3000128991B2BA8A0A4092B21A44FB8AB96892
:107A40000B441278D2B21A70FB681B899BB20133C7
:107A50009AB2FB681A81FB8A0133FB82FA8AFB889F
:107A60009A42E2D3FB8818461837BD4680BD80B5E0
:107A700084B000AF78600B467B807868FFF73EFFEC
:107A80000346FB817A88FB899A4201D9FB897B8076
:107A90007B681B899AB27B8813449AB27B681A81EF
:107AA00000BF1037BD4680BD80B485B000AF7860A0
:107AB0000B467B804FF6FF73FB810EE0FB891B0AB0
:107AC0009AB2F9897B68581C78601B784B40DBB20E
:107AD000074931F813305340FB817B885A1E7A8066
:107AE000002BEBD1FB8918461437BD4680BC70478C
:107AF000B0B8000880B485B000AF78607B681B78B0
:107B00001A467B6801331B781B021A437B680233D9
:107B10001B781B041A437B6803331B781B06134333
:107B2000FB60FB68BB60BB6818461437BD4680BC71
:107B30007047000080B485B000AF03463A60FB8018
:107B40000B46BB80BB88002B02D0BB887D2B04D9A1
:107B50003B6803221A70002323E0FA88BB88134491
:107B60009BB2013B7B810023FB6013E00F4AFB6863
:107B700032F82330FA889A4209D30C4AFB689B00FA
:107B800013445B887A899A4201D8012309E0FB6893
:107B90000133FB60FB68082BE8D93B6802221A70AE
:107BA000002318461437BD4680BC7047B0BA0008A1
:107BB00080B596B000AFBA607B600346FB810B4690
:107BC000BB817B6800221A70B989FB897A681846E4
:107BD000FFF7B0FF0346002B01D10023A0E30023F1
:107BE000A7F856300023A7F8543090E30023A7F8F5
:107BF0005230FA89B7F856301344A7F85030B7F826
:107C0000503040F21522934200F35D83B3F5007FBC
:107C100005DA922B00F38481002B55DC53E3A3F5A6
:107C20000073152B00F24F8301A252F823F000BF1E
:107C3000D7810008C7820008C7820008C7820008F1
:107C4000C7820008C7820008C7820008C7820008F0
:107C5000C7820008C7820008C7820008C7820008E0
:107C6000C7820008C7820008C7820008C7820008D0
:107C7000F5810008FF8100080B82000825820008BA
:107C8000578200087D820008A3F580730B2B00F259
:107C90001A8301A252F823F0E5800008FF80000853
:107CA00019810008338100083381000833810008FE
:107CB0003B8100083B8100086F8100086F8100084C
:107CC000A3810008A3810008013B912B00F2FB82F5
:107CD00001A252F823F000BF337F0008337F000871
:107CE000337F0008C78200083B7F00083B7F000805
:107CF0003B7F00083B7F00083B7F00083B7F00087C
:107D00003B7F00083B7F00086B7F0008777F0008FF
:107D1000837F00088D7F0008C7820008C7820008A3
:107D2000C7820008C7820008C7820008C78200080F
:107D3000C7820008C7820008C7820008C7820008FF
:107D4000C7820008C7820008C7820008C7820008EF
:107D5000C7820008C7820008C7820008C7820008DF
:107D6000C7820008C7820008C7820008C7820008CF
:107D7000C7820008C7820008C7820008C7820008BF
:107D8000C7820008C7820008C7820008C7820008AF
:107D9000C7820008337F0008337F0008977F000800
:107DA000A37F0008A37F0008A37F0008A37F00082B
:107DB000A37F0008A37F0008A37F0008A37F00081B
:107DC000A37F0008A37F0008A37F0008C7820008E4
:107DD000C7820008C7820008C7820008C78200085F
:107DE000C7820008C7820008C7820008C78200084F
:107DF000C7820008C7820008C7820008C78200083F
:107E0000C7820008C7820008C7820008C78200082E
:107E1000C7820008ED7F0008ED7F0008ED7F0008B5
:107E2000ED7F0008ED7F0008ED7F0008ED7F000882
:107E3000ED7F0008ED7F0008ED7F0008ED7F000872
:107E4000ED7F0008C7820008C7820008C7820008CB
:107E5000C7820008C7820008C7820008C7820008DE
:107E6000C7820008C7820008C7820008C7820008CE
:107E7000C7820008C7820008C7820008C7820008BE
:107E8000C7820008C7820008C7820008C7820008AE
:107E9000C78200083980000839800008398000084E
:107EA00039800008398000083980000839800008CE
:107EB00039800008398000083980000839800008BE
:107EC00039800008818000088180000881800008D6
:107ED000818000088180000881800008818000087E
:107EE000818000088180000881800008818000086E
:107EF000818000088180000881800008818000085E
:107F0000818000088180000881800008818000084D
:107F1000818000088180000881800008818000083D
:107F2000B3F5867F80F2CF81B3F5807FBFF6ACAE2C
:107F3000C9E10023A7F85230CAE1B7F85030053B39
:107F40005B00A84A13449B7C1AB2B7F85030053B3B
:107F50005B000133A3490B449B7C1BB21B021BB289
:107F600013431BB2A7F85230B2E19E4B5B8C1B0A45
:107F7000A7F85230ACE19B4B5B8CDBB2A7F85230D8
:107F8000A6E1994B5B89A7F85230A1E1964B9B89FA
:107F9000A7F852309CE1944B5B78DBB2A7F85230E3
:107FA00096E1B7F85030333BDA0F13445B107B6334
:107FB000B7F85030333B03F00103002B0CBF012313
:107FC0000023DBB23B63894A7B6B52F82330BB62F0
:107FD000BB6AFB623B6B002B02D0FB6A9BB202E0E8
:107FE000FB6A1B0C9BB2A7F8523071E1B7F8503016
:107FF000503BDA0F13445B10FB63B7F85030503B33
:1080000003F00103002B0CBF01230023DBB2BB6391
:10801000764AFB6B123352F823303B623B6A7B6239
:10802000BB6B002B02D07B6A9BB202E07B6A1B0C0D
:108030009BB2A7F852304BE1B7F85030703BDA0FE3
:1080400013445B107B64B7F85030703B03F00103BE
:10805000002B0CBF01230023DBB23B647B6C9B0035
:10806000634A13441B68FB613B6C002B02D0FB6925
:108070009BB202E0FB691B0C9BB2A7F8523027E1D0
:10808000B7F850307C3B002B00DA03339B10FB64C5
:10809000B7F850307C3B5A4203F0030302F003026E
:1080A00058BF5342BB64BB6C012B05DC504AFB6CD0
:1080B000063352F8233004E04D4AFB6C0C3352F87F
:1080C0002330BB61BB697B61BB6C03F00103002BF8
:1080D00002D17B699BB202E07B691B0C9BB2A7F8C3
:1080E0005230F5E03F4B1B781BB21B021AB23D4BDE
:1080F0005B781BB213431BB2A7F85230E8E0394B50
:108100009B781BB21B021AB2364BDB781BB21343AF
:108110001BB2A7F85230DBE0324B1B791BB21B02BB
:108120001AB2304B5B791BB213431BB2A7F8523023
:10813000CEE00023A7F85230CAE0B7F85030A3F5DC
:1081400083735B00274A13449B791BB21B021AB24C
:10815000B7F85030A3F583735B00013321490B441A
:108160009B791BB213431BB2A7F85230B0E0B7F8AB
:108170005030A3F584735B001A4A13449B7A1BB2F8
:108180001B021AB2B7F85030A3F584735B000133B9
:1081900014490B449B7A1BB213431BB2A7F852300D
:1081A00096E0B7F85030A3F585735B000D4A134491
:1081B0009B7B1BB21B021AB2B7F85030A3F5857334
:1081C0005B00013307490B449B7B1BB213431BB27B
:1081D000A7F852307CE0044B9B78DBB2A7F8523012
:1081E00076E000BF0C0000201C010020BC00002035
:1081F000C00100204C4B1B68A7F8523068E04A4B86
:108200001B681B0CA7F8523062E0474B1B791BB26E
:108210001B021AB2444B5B791BB213431BB2A7F883
:10822000523055E0404B1B7A1BB21B021AB23E4B38
:108230005B7A002B01D0802100E000213A4B9B7A31
:108240001BB203F00F031BB20B431BB213431BB251
:10825000A7F852303CE0344B1B7B002B01D080222E
:1082600000E00022304B5B7B002B01D0402300E07C
:10827000002313431BB2A7F8523029E02A4B1B7C82
:10828000002B01D0802200E00022274B5B7C002BDA
:1082900001D0402300E0002313431BB2224A927C0A
:1082A000002A01D0202200E0002213431BB21E4A04
:1082B000D27C002A01D0102200E0002213431BB21E
:1082C000A7F8523004E07B6802221A70002327E0EE
:1082D000B7F852301B0A9AB2B7F85430591CA7F8B5
:1082E00054101946BB680B44D2B21A70B7F8543018
:1082F0005A1CA7F854201A46BB681344B7F85220FA
:10830000D2B21A70B7F856300133A7F85630B7F822
:108310005620BB899A42FFF469ACBB895B009BB2D3
:1083200018465837BD4680BDCC16002080B582B0B7
:1083300000AF03463A60FB800B46BB803B680022DF
:108340001A70FB88322B6DDC002B40F3AA80013BB6
:10835000312B00F2A68001A252F823F02D840008F0
:108360003B84000849840008A3840008A384000813
:10837000A3840008A3840008A3840008A384000841
:10838000A3840008A3840008A3840008A384000831
:10839000A384000881840008A3840008A384000843
:1083A000A3840008A3840008A3840008A384000811
:1083B000A3840008A3840008A3840008A384000801
:1083C000A3840008A3840008A3840008A3840008F1
:1083D000A3840008A3840008A3840008A3840008E1
:1083E000A3840008A3840008A3840008A3840008D1
:1083F000A3840008A3840008A3840008A3840008C1
:10840000A3840008A3840008A3840008A3840008B0
:10841000A3840008A3840008518400085D84000838
:1084200067840008B3F5007F2ED03AE0224B00228B
:108430001A70224B00221A7038E01F4B01221A706A
:108440001E4B02221A7031E01B4B02221A702DE0E3
:1084500001F05CFC184B01221A7127E001F0FCFCD2
:1084600001F039FC22E0BB88022B04D93B680322CF
:108470001A7000231BE0BB88DAB20F4B5A7015E06C
:108480000D4ABB88538111E0BB88012B04D93B689E
:1084900003221A7000230AE0BB88DAB2064B9A70F6
:1084A00004E03B6802221A70002300E00223184611
:1084B0000837BD4680BD00BF1C0100208802002097
:1084C00080B590B000AFBA607B600346FB810B467D
:1084D000BB817B6800221A70B989FB897A681846CB
:1084E000FFF728FB0346002B01D10023BBE1FB89EA
:1084F000FF2B40F2AD80FB89B3F5867F80F0A8802A
:10850000FA89BB891344FB860023FB8797E0FB8F26
:10851000BA6813441B781BB21B021AB2FB8F0133DB
:10852000B9680B441B781BB213431BB2BB86FB8993
:10853000FF2B17D9FB89B3F5817F13D8BB8E1B0A9C
:108540009AB2FB89A3F580735B00D1B28F4AD154F4
:10855000FB89A3F580735B000133BA8ED1B28B4ADD
:10856000D15466E0FB89B3F5817F03D9FB89B3F56C
:10857000837F5ED3FB89B3F5837F1BD3FB89B3F580
:10858000847F17D2BB8E1B0A9AB2FB89A3F5837333
:108590005B00D1B27D4A13440A469A71FB89A3F568
:1085A00083735B000133BA8ED1B2784A13440A4612
:1085B0009A713EE0FB89B3F5847F1BD3FB89B3F549
:1085C000857F17D2BB8E1B0A9AB2FB89A3F58473F1
:1085D0005B00D1B26D4A13440A469A72FB89A3F537
:1085E00084735B000133BA8ED1B2684A13440A46E1
:1085F0009A721EE0FB89B3F5857F1AD3FB89B3F528
:10860000867F16D2BB8E1B0A9AB2FB89A3F58573AF
:108610005B00D1B25D4A13440A469A73FB89A3F505
:1086200085735B000133BA8ED1B2584A13440A46AF
:108630009A73FB890133FB81FB8F0233FB87FA8935
:10864000FB8E9A42FFF463AFBB895B009BB20AE1E9
:10865000FB894F2B3FD9FB895B2B3CD8BB8903F0AF
:1086600001039BB2002B04D07B6803221A70002305
:10867000F9E0FA89BB8913447B860023BB8722E09B
:10868000FB89503BDA0F13445B10FB62FB6A002B43
:1086900002DBFB6A052B04DD7B6802221A700023D3
:1086A000E1E0BB8FBA6813441846FFF723FA02468D
:1086B0003749FB6A123341F82320FB890233FB81DF
:1086C000BB8F0433BB87FA897B8E9A42D8D3BB8990
:1086D0005B009BB2C7E0FB896F2B3ED9FB897B2BEC
:1086E0003BD8BB8903F001039BB2002B04D07B680D
:1086F00003221A700023B6E0FA89BB8913447B85F4
:1087000000237B8721E0FB89703BDA0F13445B1069
:108710007B627B6A002B02DB7B6A052B04DD7B68B6
:1087200002221A7000239EE07B8FBA681344184619
:10873000FFF7E0F9024617497B6A41F82320FB89DD
:108740000233FB817B8F04337B87FA897B8D9A42CE
:10875000D9D3BB895B009BB285E0FB897B2B67D9B2
:10876000FB89932B64D8BB8903F001039BB2002BD8
:1087700004D07B6803221A70002374E0FA89BB8955
:1087800013447B8400233B874AE000BF0C00002099
:10879000BC000020C0010020FB897C3BFB61FB6921
:1087A000002B00DA03339B10BB61FB695A4203F0D4
:1087B000030302F0030258BF5342012BD4BF01232D
:1087C0000023DBB27B61BB69002B02DBBB69052B9D
:1087D00004DD7B6802221A70002344E07B69002BD1
:1087E0000CD03B8FBA6813441846FFF783F9024652
:1087F0001F49BB69063341F823200BE03B8FBA6861
:1088000013441846FFF776F902461949BB690C3341
:1088100041F82320FB890233FB813B8F04333B87E4
:10882000FA897B8C9A42B7D3BB895B009BB21AE072
:10883000BB89012B13D1BB681B781BB21B021AB278
:10884000BB6801331B781BB213431BB27B82798A4E
:10885000FB897A681846FFF769FD034603E07B68E9
:1088600002221A70002318464037BD4680BD00BF63
:10887000C001002080B586B000AFF860B9603B60F1
:108880001346FB710622B968F86802F011FC3B8CB4
:108890000133FB82FB8A1B0A9AB2FB680433D2B213
:1088A0001A70FB680533FA8AD2B21A70BB689A1D37
:1088B000FB68063312781A70FB680733FA791A706E
:1088C0003B8C002B09D03B68002B06D0FB6808339B
:1088D0003A8C3968184602F0EBFB00BF1837BD46EA
:1088E00080BD80B584B000AFF860B9601346FB71FD
:1088F0000622B968F86802F0DBFBFB68043300224B
:108900001A70FB68053303221A70BB689A1DFB6856
:10891000063312781A70BB6807331A78FB6807337E
:1089200062F07F02D2B21A70FB680833FA791A70CB
:1089300000BF1037BD4680BD90B5ADF50F7D02AFCD
:10894000044607F50C70A0F50A700160114607F5A2
:108950000C72A2F50B72136007F50C73A3F22123BE
:1089600022461A7007F50C73A3F509730A461A809C
:1089700007F50C73A3F509731B88072B02D84FF07A
:10898000FF330EE207F50C73A3F50A731B6802337D
:108990001B781B0207F50C72A2F50A7212680332EB
:1089A00012781343002B02D04FF0FF33F9E107F5A3
:1089B0000C73A3F50A731B6804331B781BB21B02EC
:1089C0001AB207F50C73A3F50A731B6805331B78FD
:1089D0001BB213431BB2A7F82C32B7F82C32063364
:1089E0009BB207F50C72A2F5097212889A4202D264
:1089F0004FF0FF33D5E107F50C73A3F50A731B683D
:108A000007331B7887F82B3207F50C73A3F21D137D
:108A100000221A700023A7F82E3297F82B32102B61
:108A200000F0E380102B00F37B81032B02D0062B98
:108A300075D075E1B7F82C32042B06D807F50C7306
:108A4000A3F21D1303221A7076E107F50C73A3F548
:108A50000A731B6808331B781BB21B021AB207F596
:108A60000C73A3F50A731B6809331B781BB21343FD
:108A70001BB2A7F81E3207F50C73A3F50A731B6827
:108A80000A331B781BB21B021AB207F50C73A3F54D
:108A90000A731B680B331B781BB213431BB2A7F876
:108AA0001C3207F2131307F11002B7F81C12B7F8C3
:108AB0001E02FFF77DF80346A7F81A3207F50C737C
:108AC000A3F21D131B78002B40F03181B7F81A3246
:108AD00001339BB297F82B2207F50C71A1F50A71AF
:108AE00007F58A70009300230968FFF7C3FEB7F803
:108AF0001A32DAB207F50C73A3F58E731A7207F502
:108B00008A730933B7F81A2207F11001184602F0E8
:108B1000CFFAB7F81A320933A7F82E320CE1B7F8BA
:108B20002C32042B06D807F50C73A3F21D13032275
:108B30001A7001E107F50C73A3F50A731B6808337B
:108B40001B781BB21B021AB207F50C73A3F50A734C
:108B50001B6809331B781BB213431BB2A7F82232E0
:108B600007F50C73A3F50A731B680A331B781BB255
:108B70001B021AB207F50C73A3F50A731B680B33BB
:108B80001B781BB213431BB2A7F8203207F2131253
:108B9000B7F82012B7F822321846FFF7C7FB07F5DF
:108BA0000C73A3F21D131B78002B40F0C28007F555
:108BB0000C73A3F50A731B6803F10804B7F82C3291
:108BC000013B9BB297F82B2207F50C71A1F50A71B6
:108BD00007F58A70009323460968FFF74BFEB7F844
:108BE0002C320733A7F82E32A6E0B7F82C32062B2A
:108BF00006D807F50C73A3F21D1303221A709BE02D
:108C000007F50C73A3F50A731B6808331B781BB2B6
:108C10001B021AB207F50C73A3F50A731B6809331C
:108C20001B781BB213431BB2A7F8283207F50C734D
:108C3000A3F50A731B680A331B781BB21B021AB216
:108C400007F50C73A3F50A731B680B331B781BB273
:108C500013431BB2A7F8263207F50C73A3F50A736A
:108C60001B680C331B7887F8253297F82522B7F854
:108C700026325B009A4206D007F50C73A3F21D134F
:108C800003221A7058E007F50C73A3F50A731B68EA
:108C900003F10D0207F21313B7F82612B7F82802F2
:108CA000FFF70EFC07F50C73A3F21D131B78002BC6
:108CB00041D1B7F828321B0A9BB2DAB207F50C7320
:108CC000A3F592731A70B7F82832DAB207F50C736D
:108CD000A3F592735A70B7F826321B0A9BB2DAB228
:108CE00007F50C73A3F592739A70B7F82632DAB2CF
:108CF00007F50C73A3F59273DA7007F5867397F88E
:108D00002B2207F50C71A1F50A7107F58A7004246E
:108D100000940968FFF7AEFD0C23A7F82E320BE094
:108D200007F50C73A3F21D1301221A7004E000BFB3
:108D300002E000BF00E000BF07F50C73A3F21D13B3
:108D40001B78002B10D007F50C73A3F21D131A78B3
:108D500007F50C73A3F50A7307F58A701968FFF716
:108D6000C0FD0923A7F82E3207F50C73A3F50B738A
:108D70001B68002B10D0B7F82E2207F58A7107F573
:108D80000C73A3F22123187807F50C73A3F50B736A
:108D90001C68D7F84032A04707F50C73A3F21D13E7
:108DA0001B78184607F50D77BD4690BD80B582B09B
:108DB00000AF78600B467B8000BF094B1B681B68C7
:108DC0001B6803F04003402BF7D1054B18687A88E5
:108DD00064237968FAF742FE00BF0837BD4680BDBC
:108DE000B00B002080B582B000AF786039600E4AC9
:108DF0007B6813600D4A3B6813600D4B00221A70AC
:108E00004FF480620B490C48FEF760FD7B681B68DD
:108E1000DA687B681B6842F01002DA6000F00EF836
:108E200000BF0837BD4680BDB00B0020B40B00204A
:108E3000C4110020C40D0020B80D002080B500AF83
:108E40000C4B1B68DB6B002B04D00A4B1B681846CD
:108E5000FAF7B4FE084B00221A70064B1B684FF459
:108E6000007206491846FAF784FE034B01221A7075
:108E700000BF80BDB00B0020C4110020B80B002043
:108E800080B584B000AF0346FB804FF40073FB81D4
:108E9000FA89FB88D31ABB81BB89002B09D0BA8918
:108EA000FB899A4205D8BB891A4605490548FEF751
:108EB0006FFDFFF7C3FF00BF1037BD4680BD00BF89
:108EC000B80B0020B80D002080B5C4B000AF1CE086
:108ED00000215E48FEF741FD034687F8073197F809
:108EE0000731AA2B03D05948FEF719FD0DE00121E7
:108EF0005648FEF732FD034687F8063197F80631EB
:108F0000552B09D05148FEF70AFD5048FEF7F6FCF4
:108F10000346032BDCD800E000BF4C48FEF7EEFC14
:108F20000346032B40F28A804848FEF7E7FC0346DD
:108F3000A7F804314FF6FF73A7F80E310323A7F803
:108F40000C311DE0B7F80C3119464048FEF705FD1D
:108F500003460D2B0FD1B7F80C3101339BB21946E4
:108F60003A48FEF7FAFC03460A2B04D1B7F80C3155
:108F7000A7F80E310BE0B7F80C310133A7F80C312C
:108F8000B7F80C315A1CB7F804319A42DADBB7F95A
:108F90000E31022B54DDB7F80E310233A7F802313F
:108FA000B7F80231042B06D1FF2387F80B310023D9
:108FB000A7F808310BE002212448FEF7CEFC034657
:108FC00087F80B31B7F80231053BA7F808310221C9
:108FD0001E48FEF74CFD97F80B31FF2B02D01B48C3
:108FE000FEF79DFCB7F80831002B0AD0B7F808311E
:108FF000FA2B06D8B7F808213B1D19461348FEF78F
:10900000FAFC1248FEF78BFC034687F801310F4843
:10901000FEF785FC034687F8003197F80B31FF2BEC
:109020000FD00B4B1B68002B0BD0094B1B68B7F8FC
:109030000821391D97F80B01984702E000BF00E0B6
:1090400000BF07F58877BD4680BD00BFB80D002082
:10905000B40B002080B5C4B000AF07F58873A3F54A
:1090600088731960114607F58873A3F20913024645
:109070001A7007F58873A3F586730A461A800023D1
:10908000A7F80E31B7F80E315A1CA7F80E211A4670
:1090900007F58873A3F58273AA219954B7F80E31A6
:1090A0005A1CA7F80E211A4607F58873A3F5827398
:1090B00055219954B7F80E315A1CA7F80E211946BC
:1090C00007F58873A3F5827307F58872A2F2091277
:1090D00012785A5407F58873A3F588731B68002B20
:1090E00028D007F58873A3F586731B88002B21D041
:1090F00007F58873A3F586731B88FB2B1AD8B7F87E
:109100000E3107F10C02D01807F58873A3F58673AA
:109110001A8807F58873A3F58873196801F0C8FFEA
:1091200007F58873A3F58673B7F80E211B881344DF
:10913000A7F80E31B7F80E315A1CA7F80E211A46BF
:1091400007F58873A3F582730D219954B7F80E3192
:109150005A1CA7F80E211A4607F58873A3F58273E7
:109160000A219954B7F80E2107F10C03114618464D
:10917000FFF71CFE00BF07F58877BD4680BD80B5B0
:10918000C4B000AF07F58873A3F5867318600A466C
:1091900007F58873A3F587731A800023A7F80E31AB
:1091A000B7F80E315A1CA7F80E211A4607F5887336
:1091B000A3F58273AA219954B7F80E315A1CA7F867
:1091C0000E211A4607F58873A3F582735521995429
:1091D00007F58873A3F586731B68002B28D007F565
:1091E0008873A3F587731B88002B21D007F588733C
:1091F000A3F587731B88FC2B1AD8B7F80E3107F13B
:109200000C02D01807F58873A3F587731A8807F541
:109210008873A3F58673196801F04AFF07F5887310
:10922000A3F58773B7F80E211B881344A7F80E31F6
:10923000B7F80E315A1CA7F80E211A4607F58873A5
:10924000A3F582730D219954B7F80E315A1CA7F873
:109250000E211A4607F58873A3F582730A219954E3
:10926000B7F80E2107F10C0311461846FFF79EFDD3
:1092700000BF07F58877BD4680BD80B5C4B000AF9C
:1092800007F58873A3F5867318600A4607F5887397
:10929000A3F587731A800023A7F80E3107F58873AA
:1092A000A3F586731B68002B28D007F58873A3F5F8
:1092B00087731B88002B21D007F58873A3F587736C
:1092C0001B88FC2B1AD8B7F80E3107F10C02D01806
:1092D00007F58873A3F587731A8807F58873A3F5D4
:1092E0008673196801F0E4FE07F58873A3F58773A8
:1092F000B7F80E211B881344A7F80E31B7F80E21DA
:1093000007F10C0311461846FFF750FD00BF07F5A3
:109310008877BD4680BD80B485B000AF7860396085
:109320003B68FB60FB68DAB27B681A70FB681A0A5C
:109330007B680133D2B21A70FB681A0C7B68023367
:10934000D2B21A70FB681A0E7B680333D2B21A705D
:1093500000BF1437BD4680BC704780B485B000AFF5
:1093600078607B6803331B781A467B6802331B786E
:109370001B021A437B6801331B781B041A437B686A
:109380001B781B061343FB60FB68BB60BB68184679
:109390001437BD4680BC704780B582B000AF03462D
:1093A0003960FB711346BB80FB7963F07F03DBB24E
:1093B000BA8839681846FFF74DFE00BF0837BD462A
:1093C00080BD80B582B000AF0346FB71FB790022FF
:1093D00000211846FFF7E0FF00BF0837BD4680BDFB
:1093E00090B5ADB000AF03463960FB711346BB804A
:1093F000FB79013B352B00F2508201A252F823F099
:10940000D9940008EF940008059500088595000898
:10941000B9950008CF950008F39500089B980008BF
:109420009B9800089B980008C9960008F9960008C8
:1094300029970008599700089D9700089B980008F5
:109440009B9800089B9800089B9800089B98000830
:109450009B9800089B9800089B9800089B98000820
:109460009B9800089B9800089B9800089B98000810
:109470009B9800089B9800089B9800082798000874
:109480009B9800089B9800089B9800089B980008F0
:109490009B9800089B9800089B9800089B980008E0
:1094A0009B9800089B9800089B9800089B980008D0
:1094B0009B9800089B9800089B980008539600080A
:1094C0006796000877960008A99600089996000804
:1094D000B996000887960008AB4B00221A70AB4B78
:1094E00000221A70FB791846FFF76BFFDDE1A64BEF
:1094F00001221A70A54B01221A70FB791846FFF75A
:1095000060FFD2E1A04B1B695A1C9F490A61C7F852
:10951000A03000233B72D7F8A030DBB27B72D7F8C3
:10952000A0301B0ADBB2BB72D7F8A0301B0CDBB239
:10953000FB72D7F8A0301B0EDBB23B730023C7F8D9
:10954000AC3014E0D7F8AC309B00053307F10802CB
:109550001A448F49D7F8AC3051F8233019461046D9
:10956000FFF7D9FED7F8AC300133C7F8AC30D7F8E5
:10957000AC30052BE6DD07F108031D211846FFF787
:10958000FEFD92E1BB88002B07D17F4B9B899BB2EC
:1095900001339AB27C4B9A8187E13B681B78002BA0
:1095A00014BF01230023DBB21A46774B9A70FB7974
:1095B0001846FFF706FF78E17648F7F765FC0346A3
:1095C0009AB2FB7973491846FFF7E6FE6DE1724BDC
:1095D0005B8C1B0A9BB2DBB23B726F4B5B8CDBB2CA
:1095E0007B7207F10801FB7902221846FFF7D4FECF
:1095F0005BE1654B1B78DBB23B72634B5B78DBB2A4
:109600007B72614B9B78DBB2BB725F4BDB78DBB26A
:10961000FB725D4B5B899BB2DBB23B735A4B5B8940
:109620009BB21B0A9BB2DBB27B73574B9B899BB2ED
:10963000DBB2BB73544B9B899BB21B0A9BB2DBB260
:10964000FB7307F10801FB7908221846FFF7A4FE17
:109650002BE100F05BFB4C4B01221A71FB791846A1
:10966000FFF7AFFE21E1484B0022DA70FB79184684
:10967000FFF7A7FE19E1444B0122DA70FB79184687
:10968000FFF79FFE11E100F0E7FB00F024FBFB7900
:109690001846FFF796FE08E13B4B00225A70FB7913
:1096A0001846FFF78EFE00E1374B01225A70FB7916
:1096B0001846FFF786FEF8E0334B02225A70FB791A
:1096C0001846FFF77EFEF0E0BB88032B07D82E4B31
:1096D0009B899BB201339AB22B4B9A81E5E03B68A0
:1096E0001B681A462C4BC3F8062000F069FAFB7978
:1096F0001846FFF766FED8E0BB88052B07D8224B3B
:109700009B899BB201339AB21F4B9A81CDE0224BC9
:109710003A681168196092889A8000F051FAFB79D2
:109720001846FFF74EFEC0E0BB88032B07D8164B48
:109730009B899BB201339AB2134B9A81B5E03B6887
:109740001B681A46144BC3F80A2000F039FAFB795B
:109750001846FFF736FEA8E0BB88032B07D80A4B54
:109760009B899BB201339AB2074B9A819DE03B687B
:109770001B681A46084BC3F80E2000F021FAFB794B
:109780001846FFF71EFE90E01C0100208802002012
:10979000BC0000201E0000200C0000200023A7F8C1
:1097A000A630B7F8A63007F108021344414A116801
:1097B000196092889A80B7F8A6300633A7F8A630C9
:1097C000B7F8A63007F1080213443A4AD2F8062047
:1097D0001A60B7F8A6300433A7F8A630B7F8A63059
:1097E00007F108021344334AD2F80A201A60B7F886
:1097F000A6300433A7F8A630B7F8A63007F1080260
:1098000013442C4AD2F80E201A60B7F8A63004335D
:10981000A7F8A630B7F8A62007F10801FB7918468B
:10982000FFF7BAFD41E0BB88182B07D8224B9B8974
:109830009BB201339AB2204B9A8136E00023C7F8DD
:10984000A8301BE0D7F8A8309B0001333A681A44CF
:109850003B681B781C461046FFF77FFD0146174802
:1098600023465B0023445B00D7F8A820134440F84C
:109870002310D7F8A8300133C7F8A830D7F8A8309C
:10988000052BDFDD00F020FA3B681A78FB791343E3
:10989000DBB21846FFF795FD07E0074B9B899BB2AB
:1098A00001339AB2044B9A8100BF00BFB437BD4662
:1098B00090BD00BF0C0000201C01002030010020E2
:1098C00080B500AFF9F7F8FA0123184680BD80B5DE
:1098D00000AFF9F717FB00BF80BD000080B586B070
:1098E00000AF07F1080300221A605A609A60DA603C
:1098F00000237B600023BB60074B3B6101237B613E
:109900003A1D07F1080311461846F9F7BDFB00BFE1
:109910001837BD4680BD00BF0000010880B582B089
:1099200000AF78607980798800200A46034679681C
:109930000120F9F751FA0346002B01D0002308E07B
:109940007B681B889BB27A889A4201D0002300E092
:10995000012318460837BD4680BD80B586B000AFEC
:10996000F860B9601346FB80FB6803F00103002B2D
:109970003CD0BB681B781BB263F0FF031BB2FB82B9
:10998000FB6823F00103FA8A11461846FFF7C6FF69
:109990000346002B01D100233EE0FB680133FB604E
:1099A000BB680133BB60FB88013BFB801EE0BB68EA
:1099B0001B781AB2BB6801331B781BB21B021BB2A7
:1099C00013431BB27B827B8A1946F868FFF7A6FF18
:1099D0000346002B01D100231EE0FB680233FB602D
:1099E000BB680233BB60FB88023BFB80FB88012B1A
:1099F000DDD8FB88012B0ED1BB681B7863F0FF0319
:109A0000BB82BB8A1946F868FFF788FF0346002B24
:109A100001D1002300E0012318461837BD4680BD60
:109A200080B582B000AF78600B467B807B8819469A
:109A30007868FEF739F8034618460837BD4680BDFA
:109A400080B584B000AF274BFB60FB68C0331B6858
:109A5000BB60BB68244A934201D000233EE0FB6810
:109A6000C4331B889BB2FB80C421F868FFF7D8FF82
:109A700003461A46FB889A4201D000232EE01B4B76
:109A8000FA681168196092889A80FB6808331B682D
:109A90001A46164BC3F80620FB680C331B681A469F
:109AA000124BC3F80A20FB6810331B681A460F4B91
:109AB000C3F80E20FB68BC331A880C4B5A84FB6831
:109AC0001433902219460A4801F0F2FAFB68A433D5
:109AD00018221946074801F0EBFA012318461037FF
:109AE000BD4680BD000001081E7FC3A50C000020FC
:109AF000300100200401002080B584B000AF2A4B63
:109B0000FB604FF48072FF21F86801F0A5FAFB6852
:109B1000264A1168196092889A80FB680833234AA4
:109B2000D2F806201A60FB680C33204AD2F80A20CB
:109B30001A60FB6810331D4AD2F80E201A60FB68C9
:109B4000143390221A49184601F0B2FAFB68A43384
:109B500018221849184601F0ABFAFB68BC33134AC7
:109B6000528C1A80144B7B60FB68C0337A681A6091
:109B7000C421F868FFF754FF03467B80FB68C433B9
:109B80007A881A80FFF79CFEFFF7A8FEC622F968C4
:109B90000A48FFF7E2FEB860FFF799FEBB68184677
:109BA0001037BD4680BD00BFC81100200C0000204A
:109BB00030010020040100201E7FC3A50000010821
:109BC00080B5C4B000AFF9F777F9FFF787FE07F16A
:109BD0000C034FF48072FF21184601F03DFA07F59F
:109BE0008873A3F58273334A1068186092889A804C
:109BF00007F10C0308332F4AD2F806201A6007F148
:109C00000C030C332B4AD2F80A201A6007F10C031C
:109C10001033284AD2F80E201A6007F10C031433CF
:109C200090222549184601F043FA07F10C03A433AA
:109C300018222249184601F03BFA07F10C03BC3305
:109C40001C4A528C1A8007F58873A3F584731C4A4A
:109C50001A6007F10C03C03307F58872A2F584720D
:109C600012681A6007F10C03C4211846FFF7D8FEEA
:109C700003461A4607F58873A3F585731A8007F122
:109C80000C03C43307F58872A2F5857212881A8016
:109C900007F10C03C62219460A48FFF75EFEC7F813
:109CA0000C01F9F72FF9D7F80C31184607F588772A
:109CB000BD4680BD0C0000203001002004010020C2
:109CC0001E7FC3A50000010880B500AFFFF714FF99
:109CD0000346184680BD80B500AFFFF70DFF034671
:109CE000184680BD80B500AF4FF4007200210548D2
:109CF00001F0B2F94FF401720021034801F0ACF910
:109D000000BF80BDC8120020C814002080B483B0FA
:109D100000AF134B0022C3F8E021114B0022C3F81F
:109D2000E4210F4B012283F800220D4B002283F81F
:109D3000012200237B6009E0094A7B687A334FF0F7
:109D4000000142F823107B6801337B607B68052BA0
:109D5000F2DD00BF00BF0C37BD4680BC704700BFBE
:109D6000C814002090B585B000AF78600023FB7365
:109D70000023BB730023FB7317E0FB7B254A7A3378
:109D800052F82300FB7B9B007A6813441B68FC7B22
:109D90001946F6F701FE034619461E4A04F17A03F6
:109DA00042F82310FB7B0133FB73FB7B052BE4D9CB
:109DB000184BD3F8E4310133164AC2F8E431154B9D
:109DC000D3F8E431132B21DD0023BB7313E0BB7BFD
:109DD000104A7A3352F82330BC7B0F491846F6F705
:109DE00097FF034619460D4A04F1120342F8231067
:109DF000BB7B0133BB73BB7B052BE8D9054B002232
:109E000083F80022034B012283F8012200BF14379C
:109E1000BD4690BDC81400200000A041BC00002039
:109E200080B400AF034B002283F8012200BFBD467F
:109E300080BC7047C814002080B400AF054B93F875
:109E40000132002B14BF01230023DBB21846BD46AC
:109E500080BC7047C814002080B483B000AF144B9E
:109E6000002283F80022124B002283F80122104BBB
:109E70000022C3F8E42100237B6010E00D4A7B68D8
:109E800012334FF0000142F82310094A7B687A33FD
:109E90004FF0000142F823107B6801337B607B6840
:109EA000052BEBDD00BF00BF0C37BD4680BC704703
:109EB000C8140020BC00002080B582B000AF7860DC
:109EC0007B68114A1A607B68104A5A607B68104AA6
:109ED0009A607B680F4ADA607B680F4A1A617B6878
:109EE00000225A637B6800229A637B680022DA634F
:109EF0007B6800221A647B68DB687868984700BF3B
:109F00000837BD4680BD00BF5D5B00081D5B0008D3
:109F10003D5B0008F55A0008DDA5000880B584B057
:109F200000AF78607B680822A3F844200023FB730D
:109F300007E0FB7B7A681344FF221A75FB7B013331
:109F4000FB73FB7B9AB27B68B3F844309A42F0D340
:109F5000786800F002FB7B681B694FF47A709847C1
:109F600000BF1037BD4680BD80B582B000AF7860BD
:109F700001220521786800F025FA7B6893F82530E6
:109F800018460837BD4680BD80B582B000AF786006
:109F90000B46FB707B680022DA647B68DA6C7B68B6
:109FA00093F85030D9037B6893F851301B03194361
:109FB0007B6893F852305B010B43796891F853103A
:109FC0000B431A437B68DA647B68DA6CF978022306
:109FD000786800F067FA00BF0837BD4680BD80B5DD
:109FE00082B000AF78600B46FB707B6893F86930F5
:109FF000022B03D10121786800F0C3F97B6893F844
:10A000006930122B03D10021786800F0BAF97B681F
:10A0100000225A657B685A6D7B6893F86430D902D8
:10A020007B6893F865301B0219437B6893F86630B0
:10A03000DB0119437B6893F867309B0119437B6808
:10A0400093F868305B0119437B6893F86930DB0053
:10A0500003F018030B43796891F86A100B431A4315
:10A060007B685A65FB781933D9B27B685A6D022335
:10A07000786800F017FA7B6800229A657B689A6D11
:10A080007B6893F86B301B047968B1F86C100B4354
:10A090001A437B689A65FB782133D9B27B689A6D45
:10A0A0000323786800F0FEF900BF0837BD4680BD85
:10A0B00080B582B000AF786002220121786800F09C
:10A0C00081F902467B681A677B681A6F40F63C1379
:10A0D00013407A6813677B681A6F7B6893F8743053
:10A0E00019037B6893F876309B0219437B6893F8D9
:10A0F00077305B0219437B6893F879309B010B43FF
:10A10000796891F87B100B431A437B681A677B6868
:10A110001A6F02230121786800F0C4F900BF0837E4
:10A12000BD4680BD80B582B000AF78600B46FB7045
:10A13000FB781946786800F0DCF87B685B687A6821
:10A14000506B7A68926B114698477B689B687A6877
:10A15000506B7A68926B1146984700BF0837BD462E
:10A1600080BD80B582B000AF78600421786800F0CF
:10A17000C0F87B685B687A68506B7A68926B1146AE
:10A18000984700BF0837BD4680BD80B584B000AF9A
:10A1900078607B6893F87A30102B59D0102B00F33D
:10A1A000A480012B02DC002B05DA9EE0023B062B8B
:10A1B00000F29B8099E07B6802221A757B681B7D08
:10A1C00003F07F03DAB27B681A757B681B7D43F06E
:10A1D0004003DAB27B681A757B680422A3F8442036
:10A1E0007B6893F87630012B07D17B68B3F8443055
:10A1F00001339AB27B68A3F844200023FB7307E085
:10A20000FB7B7A681344FF225A75FB7B0133FB7397
:10A21000FB7B9AB27B68B3F844309A42F0D37868FB
:10A2200000F0BFF97B6893F825301A047B6893F837
:10A2300026301B0213437A6892F827201A437B6862
:10A240009A647B6893F828207B6883F846204CE06A
:10A250007B6800221A757B680322A3F844207B6880
:10A2600093F87630012B07D17B68B3F84430013383
:10A270009AB27B68A3F844207B68B3F8443001337A
:10A280009AB27B68A3F844200023BB7307E0BB7B32
:10A290007A68134400225A75BB7B0133BB73BB7BC6
:10A2A0009AB27B68B3F844309A42F0D3786800F0F1
:10A2B00078F97B6893F824301A047B6893F825308A
:10A2C0001B0213437A6892F826201A437B689A642B
:10A2D0007B6893F827207B6883F846207B6893F897
:10A2E00028207B6883F8472000BF00BF1037BD4699
:10A2F00080BD80B586B000AF78600B46FB7002224F
:10A300000121786800F05EF80346FB60FB6823F4E7
:10A31000036323F00C03FB60FA68FB789B0003F0F7
:10A320003C01FB78DB0103F400630B431343FB6048
:10A330007B68FA7883F87A20FA680223012178682A
:10A3400000F0B0F800BF1837BD4680BD80B584B0BE
:10A3500000AF78600B46FB7001220021786800F0A6
:10A3600031F80346DBB23B733A7BFB781340DBB238
:10A37000002B01D0012300E0002318461037BD4612
:10A3800080BD80B586B000AF78600B46FB700222BE
:10A390000121786800F016F80346FB60FB6823F49F
:10A3A0008073FB60FA68FB781B021343FB60FA685A
:10A3B00002230121786800F075F800BF1837BD4608
:10A3C00080BD000080B586B000AF78600B46FB70A2
:10A3D0001346BB707B68FA781A757B681B7D03F0A7
:10A3E0007F03DAB27B681A757B681B7D43F04003FC
:10A3F000DAB27B681A75BB789BB201339AB27B687C
:10A40000A3F844207B68B3F8443001339AB27B68E8
:10A41000A3F844200023FB7507E0FB7D7A68134412
:10A42000FF225A75FB7D0133FB75FA7DBB789A429A
:10A43000F3D3786800F091F87B68DB6F03F00403D6
:10A44000002B0AD0FB78164AD35C01337A68134498
:10A4500093F824207B6883F847207B681A7D7B680B
:10A4600083F8242000233B610023FB730FE03B694A
:10A470001B023B61FB7B01337A68134493F8243061
:10A480001A463B6913433B61FB7B0133FB73FA7B49
:10A49000BB789A42EBD33B6918461837BD4680BD5E
:10A4A000D4BA000890B587B000AFF8607A601A4659
:10A4B0000B46FB721346BB72FB68FA7A1A75FB688F
:10A4C0001B7D03F07F03DAB2FB681A75FB681B7D06
:10A4D00023F04003DAB2FB681A75BB7A9BB20133F2
:10A4E0009AB2FB68A3F844207B687B610023FB746D
:10A4F0000FE0BA7AFB7C0133D31A7A69D1B2FA68D9
:10A5000013440A465A757B691B0A7B61FB7C013345
:10A51000FB74FA7CBB7A9A42EBD3FB6803F114021A
:10A52000FB68B3F84430DBB2BC7A1946104600F041
:10A5300071F803461A46FB6823445A75FB68B3F862
:10A54000443001339AB2FB68A3F84420F86800F065
:10A5500004F800BF1C37BD4690BD80B582B000AF87
:10A5600078607B689B687A68506B7A68926B11465A
:10A5700098477B681B687A6802F114007A6802F1D8
:10A5800024017A68B2F8442098477B685B687A684F
:10A59000506B7A68926B1146984700BF0837BD46EA
:10A5A00080BD80B582B000AF78607B689B687A68B8
:10A5B000506B7A68926B114698477B681B687A6883
:10A5C00002F114007A6802F124017A68B2F844209A
:10A5D000984700BF0837BD4680BD000080B483B0F7
:10A5E00000AF78607B68C82202FB03F3084AA2FB35
:10A5F0000323DB087B60FFE77B685A1E7A60002B31
:10A60000FAD100BF00BF0C37BD4680BC704700BF09
:10A61000CDCCCCCC80B485B000AF78600B46FB705D
:10A620000023FB730023BB7322E0BB7B7A681344D7
:10A630001A78FB7B5340FB7300237B7312E097F97E
:10A640000F30002B08DA97F90F305B005BB283F014
:10A6500007035BB2FB7302E0FB7B5B00FB737B7B5E
:10A6600001337B737B7B072BE9D9BB7B0133BB7346
:10A67000BA7BFB789A42D8D3FB7B18461437BD4689
:10A6800080BC704780B485B000AF7860396000232B
:10A69000FB600DE0FB689B007A6813441B68BB609D
:10A6A000BB68002B01D0002307E0FB680133FB608F
:10A6B000FA683B689A42EDDB012318461437BD4621
:10A6C00080BC704780B487B000AF786039600023E9
:10A6D0007B6100233B6123E03B699B007A68134464
:10A6E0001B68FB60FB6803F0FF43B3F1FF4F04D12D
:10A6F000FB68C3F31603002B0CD1FB6803F0FF4388
:10A70000B3F1FF4F08D0FB68B3F1FF3F05D0012341
:10A710007B6102E000BF00E000BF3B6901333B61A9
:10A720003A693B689A42D7DB7B6918461C37BD46BD
:10A7300080BC704780B483B000AF78607B681B78C2
:10A74000002B0ED17B6801331B78002B09D17B686D
:10A7500002331B78002B04D17B6803331B78002B5A
:10A7600001D0012300E0002318460C37BD4680BC11
:10A770007047000080B582B000AF00237B603921B4
:10A780000020FCF759FD0346FB70204AFB7813724A
:10A79000FB78042B0DD07B6843F400737B60FB785F
:10A7A000FF2B02D0FB78002B03D17B6843F480732E
:10A7B0007B602E210020FCF73FFD0346BB70BB7879
:10A7C00003F00103DAB2114B5A72BB789B10DBB273
:10A7D00003F00103DAB20D4BDA720C4B5B7A002BFB
:10A7E00003D17B6843F480637B60084B00229A723C
:10A7F000064B1B6823F47F427B681343034A1360B4
:10A800007B6818460837BD4680BD00BFCC160020C7
:10A8100080B483B000AF00237B60284B1B68002B03
:10A8200012D0264B1B68DB6803F40053002B03D0C7
:10A83000234B01221A730EE0214B00221A737B680E
:10A8400043F480337B6006E01D4B00221A737B6863
:10A8500043F480337B60194BDB6B002B18D0174B14
:10A86000DB6B1B68002B13D0144BDB6B1B681B6866
:10A8700003F00103002B03D0114B01225A730EE0A9
:10A880000F4B00225A737B6843F400337B6006E071
:10A890000B4B00225A737B6843F400337B60084BF8
:10A8A0001B6823F470227B681343054A13607B689E
:10A8B00018460C37BD4680BC704700BF240B0020F3
:10A8C000CC16002080B5B2B000AF0023C7F8C4306A
:10A8D000734BC7F8B830D7F8B830C0331B68C7F827
:10A8E000B430D7F8B4306F4A93421DD0D7F8C43093
:10A8F00043F48013C7F8C4306B4B00221A746A4BC0
:10A9000000225A74684B00229A74674B0022DA7452
:10A91000654B1B6823F47002D7F8C4301343624AB6
:10A920001360D7F8C430B6E0D7F8B830C4331B880A
:10A930009BB2A7F8B2304FF6FF73A7F8C2300023DE
:10A94000A7F8C03031E0B7F8C030D7F8B8201344CA
:10A950001B781A46B7F8C2305340A7F8C23000231C
:10A96000C7F8BC3018E0B7F8C23003F00103002B81
:10A9700008D0B7F8C2305B089AB24C4B5340A7F8E6
:10A98000C23004E0B7F8C2305B08A7F8C230D7F88D
:10A99000BC300133C7F8BC30D7F8BC30072BE2DD40
:10A9A000B7F8C0300133A7F8C030B7F8C030C32BB8
:10A9B000C9D9B7F8B230B7F8C2209A4209D0D7F84F
:10A9C000C43043F40013C7F8C430374B00221A7464
:10A9D00002E0354B01221A74D7F8B83003F11401A4
:10A9E0003B1D9022184600F063FB3B1D24211846B6
:10A9F000FFF768FE0346002B14BF01230023DBB2E0
:10AA00001A46294B5A74284B5B7C002BD7F8B83078
:10AA100003F1A40107F198031822184600F048FB3F
:10AA200007F1980306211846FFF72CFE0346002B7A
:10AA300003D01D4B01229A740EE007F19803062102
:10AA40001846FFF73FFE0346002B14BF01230023E7
:10AA5000DBB21A46144B9A74D7F8B83008331B6827
:10AA6000C7F8943007F194031846FFF763FE0346D6
:10AA7000002B14BF01230023DBB21A460A4BDA7401
:10AA8000094B1B6823F47002D7F8C4301343064AFD
:10AA90001360D7F8C4301846C837BD4680BD00BF24
:10AAA000000001081E7FC3A5CC16002001A0FFFFF7
:10AAB00080B582B000AF786039603868F6F7E4F9A5
:10AAC00003469AB2642339687868F8F7C7FF00BF75
:10AAD0000837BD4680BD000080B584B000AF786007
:10AAE0000B46FB70FB781B09DBB21A460A4B9B5CDA
:10AAF0003B73FB7803F00F03074AD35C7B7300239F
:10AB0000BB7307F10C01642302227868F8F7A6FFF3
:10AB100000BF1037BD4680BD34B5000880B58AB08F
:10AB200000AF7860396000237B623B68002B08D15E
:10AB30007B6A5A1C7A6228333B44302203F8142C77
:10AB400032E000233B6219E03968204BA3FB01236C
:10AB5000DA0813469B0013445B00CA1AD2B23B6A60
:10AB6000591C39623032D2B228333B4403F8202CCE
:10AB70003B68164AA2FB0323DB083B603B68002BC3
:10AB8000E2D10EE03B6A013B3B627B6A5A1C7A626F
:10AB900007F108013A6A0A44127828333B4403F863
:10ABA000142C3B6A002BEDDC07F114027B6A134482
:10ABB00000221A707B6A9AB207F114016423786844
:10ABC000F8F74CFF00BF2837BD4680BDCDCCCCCCBC
:10ABD00080B584B000AF786039600023FB6011E07D
:10ABE000FB683A6813441B7819467868FFF796FFAC
:10ABF000FB68022B03DC07497868FFF759FFFB6805
:10AC00000133FB60FB68032BEADD00BF00BF103798
:10AC1000BD4680BD48B5000880B584B000AFF8607F
:10AC2000B9607A600A49F868FFF742FFB968F868C6
:10AC3000FFF73EFF7B68002B01D0064B00E0064B80
:10AC40001946F868FFF734FF00BF1037BD4680BDD6
:10AC50004CB5000850B5000858B5000880B584B060
:10AC600000AFF860B9607A600E49F868FFF720FF1E
:10AC7000B968F868FFF71CFF0B49F868FFF718FF81
:10AC80007B68002B01D0094B00E0094B1946F8689E
:10AC9000FFF70EFF0749F868FFF70AFF00BF1037FC
:10ACA000BD4680BD4CB5000860B5000864B500081D
:10ACB00068B5000870B5000880B586B000AF786050
:10ACC0009E4B1B687B619E497868FFF7F1FE9D49AA
:10ACD0007868FFF7EDFE9C497868FFF7E9FE99492F
:10ACE0007868FFF7E5FE99497868FFF7E1FE7B6930
:10ACF000002B04D196497868FFF7DAFE22E09549E7
:10AD00007868FFF7D5FE7B691B0EDBB219467868C1
:10AD1000FFF7E2FE7B691B0CDBB219467868FFF790
:10AD2000DBFE7B691B0ADBB219467868FFF7D4FEAD
:10AD30007B69DBB219467868FFF7CEFE86497868F2
:10AD4000FFF7B6FE7E497868FFF7B2FE8349786860
:10AD5000FFF7AEFE7B6903F00103002B0CBF01235C
:10AD60000023DBB21A467E497868FFF755FF7D491C
:10AD70007868FFF79DFE714B1B7919467868FFF7DD
:10AD8000ABFE79497868FFF793FE7B6903F0020315
:10AD9000002B0CBF01230023DBB21A4673497868ED
:10ADA000FFF75CFF72497868FFF782FE634B5B79BF
:10ADB00019467868FFF790FE61497868FFF778FEDA
:10ADC0007B6903F00403002B0CBF01230023DBB2DB
:10ADD0001A4668497868FFF741FF67497868FFF7C6
:10ADE00067FE564B9B7919467868FFF797FE5449E2
:10ADF0007868FFF75DFE514BDB791A465F4978684A
:10AE0000FFF72CFF4E497868FFF752FE5C497868DF
:10AE1000FFF74EFE7B6903F48073002B0CBF012308
:10AE20000023DBB21A464E497868FFF7F5FE554914
:10AE30007868FFF73DFE414B1B7A19467868FFF7AB
:10AE40004BFE51497868FFF733FE3C4B5B7A1A465C
:10AE50004E497868FFF702FF384B5B7A002B13D01E
:10AE60004B497868FFF724FE344BDB7A002B01D086
:10AE7000484B00E0484B19467868FFF719FE364901
:10AE80007868FFF715FE03E02D497868FFF710FE9C
:10AE900042497868FFF70CFE284B9B7A1946786880
:10AEA000FFF73CFE26497868FFF702FE3C497868C8
:10AEB000FFF7FEFD3B497868FFF78AFE3A4978685C
:10AEC000FFF7F6FD39497868FFF7F2FD1B4B1B7B56
:10AED0001A4637497868FFF7C1FE184B5B7B1A4664
:10AEE00034497868FFF7BAFE15497868FFF7E0FD46
:10AEF00031497868FFF7DCFD104B1B7C1A462F495F
:10AF00007868FFF7ABFE0D4B1B7C002B5ED00B4B24
:10AF10005B7C1A462A497868FFF7A0FE074B9B7CAA
:10AF20001A4628497868FFF799FE044BDB7C1A46DD
:10AF300025497868FFF792FE5AE000BFCC16002042
:10AF400070B5000874B50008A0B50008BCB50008CD
:10AF5000C8B50008D4B50008F0B50008F4B500087D
:10AF600008B600081CB600082CB6000840B6000859
:10AF70004CB6000864B6000874B600088CB6000829
:10AF8000A0B60008B4B60008C8B60008DCB60008D1
:10AF9000E8B60008ECB60008F4B60008F8B60008F9
:10AFA00008B70008120000201CB7000824B70008EA
:10AFB00038B700084CB700085CB7000870B7000845
:10AFC0008CB70008A0B70008B0B700087B6903F48D
:10AFD0008013002B03D018497868FFF769FD7B695F
:10AFE00003F40013002B03D014497868FFF760FDC9
:10AFF00013497868FFF75CFD124B3B613B690833EE
:10B000001B68FB6007F10C0319467868FFF7E0FD49
:10B010000D497868FFF74CFD0C497868FFF748FD4B
:10B020000B497868FFF744FD0A497868FFF740FD4F
:10B0300000BF1837BD4680BDC4B70008F4B700088C
:10B0400020B80008000001081CB7000874B500080B
:10B0500030B8000848B8000803460244934200D1C3
:10B06000704703F8011BF9E770B500260C4D0D4B36
:10B070005B1B9C10A64209D1002600F027F80A4D60
:10B080000A4B5B1B9C10A64205D170BD55F8043BD2
:10B0900098470136EEE755F8043B98470136F2E74A
:10B0A00018BB000818BB000818BB00081CBB000830
:10B0B0000A44914200F1FF3300D1704710B511F8F6
:10B0C000014B914203F8014FF9D110BDF8B500BF13
:10B0D000F8BC08BC9E467047F8B500BFF8BC08BC79
:04B0E0009E467047D1
:10B0E40030313233343536373839414243444546BA
:10B0F4000000000045717569706D656E742065729D
:10B10400726F72210D0A00002D2D2D205735353018
:10B1140030204E6574776F726B20436F6E6669677B
:10B12400202D2D2D0D0A0000436F6E666967757220
:10B13400696E67206E6574776F726B3A2049503D73
:10B144002E2E2E0D0A0000004950207265616462A3
:10B1540061636B3A2000000057616974696E67206F
:10B16400666F7220504859206C696E6B2E2E2E0D1E
:10B174000A000000504859206C696E6B2055500D30
:10B184000A000000504859206C696E6B20444F57E8
:10B194004E2028636F6E74696E75696E672E2E2E4D
:10B1A400290D0A00416C6C20736F636B6574732006
:10B1B4006C697374656E696E67206F6E20706F7250
:10B1C40074203530320D0A002D2D2D2057353530A1
:10B1D4003020496E697420446F6E65202D2D2D0D2D
:10B1E4000A000000466C61736820656D70747920F4
:10B1F400E28094207573696E67204E614E20706CF6
:10B20400616365686F6C646572730D0A0000000009
:10B21400466C61736820636F6E666967206C6F614A
:10B22400646564204F4B0D0A000000000D0A3E3E89
:10B234003E20424F4F542053454C462D54455354C1
:10B24400205354415254203C3C3C0D0A0000000061
:10B25400526573657474696E672057353530302EC6
:10B264002E2E0D0A000000004552524F523A20572C
:10B2740035353030206E6F74206465746563746591
:10B2840064210D0A000000005735353030204F4B43
:10B2940020287665723D30783034290D0A0000008C
:10B2A4004C484137363638204F4B0D0A0000000019
:10B2B4002D2D2D2057353530302045746865726E3C
:10B2C40065742073656C662D74657374202D2D2D43
:10B2D4000D0A0000202057353530302053504920C6
:10B2E4004F4B2C207665723D307800000000000042
:10B2F40020205735353030204641494C3A20666C81
:10B304006167733D307800000D0A00002D2D2D205B
:10B3140052533438352073656C662D74657374200C
:10B324002D2D2D0D0A0000002020525334383520D5
:10B334004F4B202855534152542B444D41290D0A5B
:10B344000000000020205253343835204641494C37
:10B354000D0A00002D2D2D20466C61736820737436
:10B364006F726167652073656C662D7465737420F4
:10B374002D2D2D0D0A0000002020466C61736820DD
:10B384004F4B20286D616769632B4352432B6461E3
:10B394007461290D0A0000002020466C6173682046
:10B3A4004641494C3A200000454D50545920000074
:10B3B40043524320000000002E0D0A005A65726FAC
:10B3C4002063616C696220646F6E6520E280942062
:10B3D400736176656420746F20466C6173680D0A2E
:10B3E40000000000436C69656E7420636F6E6E65C7
:10B3F400637465642028706F6C6C290D0A0000006A
:10B40400533020696E6974204641494C2053523DA3
:10B4140000000000533120696E6974204641494C94
:10B424002053523D00000000533220696E6974209D
:10B434004641494C2053523D0000000053332069DB
:10B444006E6974204641494C2053523D000000006F
:10B454005330206C697374656E204641494C205307
:10B46400523D00005331206C697374656E2046416F
:10B47400494C2053523D00005332206C697374656B
:10B484006E204641494C2053523D00005333206CFA
:10B49400697374656E204641494C2053523D000047
:10B4A400533020636F6E6E65637465640D0A00002B
:10B4B400533120636F6E6E65637465640D0A00001A
:10B4C400533220636F6E6E65637465640D0A000009
:10B4D400533320636F6E6E65637465640D0A0000F8
:10B4E400533020646973636F6E6E65637465640DB5
:10B4F4000A000000533120646973636F6E6E6563E4
:10B504007465640D0A000000533220646973636F2C
:10B514006E6E65637465640D0A0000005333206425
:10B524006973636F6E6E65637465640D0A00000071
:10B534003031323334353637383941424344454665
:10B54400000000002E00000020200000204F4B0DC2
:10B554000A000000204641494C0D0A003A20000030
:10B564004F4B00004641494C000000000D0A00000A
:10B574003D3D3D3D3D3D3D3D3D3D3D3D3D3D3D3DF7
:10B584003D3D3D3D3D3D3D3D3D3D3D3D3D3D3D3DE7
:10B594003D3D3D3D3D3D3D3D0D0A00002020424FD7
:10B5A4004F542053454C462D544553542052455036
:10B5B4004F52540D0A0000005B4F564552414C4C0B
:10B5C4005D200000414C4C20504153530D0A0000B3
:10B5D4004552524F52532044455445435445442008
:10B5E40028666C6167733D3078000000290D0A00FD
:10B5F4005B4C48413736363842204144435D0D0A9E
:10B604000000000053504920436F6D6D756E6963EF
:10B614006174696F6E3A00002020436869702049A4
:10B62400443A2030780000002028657870656374FF
:10B6340065642030783238290D0A000020204944FE
:10B64400204D61746368000020204552524F5220FF
:10B6540052656769737465723A203078000000009F
:10B6640020204552524F5220737461747573000048
:10B6740020204368616E6E656C7320646574656335
:10B684007465643A20000000202044524459206428
:10B694006174612072656164790000005B5735351F
:10B6A40030302045746865726E65745D0D0A000063
:10B6B4002020436869702056657273696F6E3A2062
:10B6C40030780000202865787065637465642030E4
:10B6D400783034290D0A00002020504859204C6944
:10B6E4006E6B0000202800003130304D0000000057
:10B6F40031304D002020536F636B657473204F4BC2
:10B704003A20000020204E6574776F726B20636FBF
:10B714006E6669673A2000000D0A0D0A00000000F9
:10B724005B52533438352028555341525432295DE5
:10B734000D0A00002020555341525420706572694F
:10B7440070686572616C00002020444D412063687C
:10B75400616E6E656C0000005B466C61736820531B
:10B76400746F726167655D0D0A00000020204461FA
:10B7740074612076616C696420286D616769632B4C
:10B78400435243290000000020204465636F757014
:10B794006C65206D617472697800000020205A6520
:10B7A400726F206F666673657473000020204E65A7
:10B7B40074776F726B20636F6E66696700000000B8
:10B7C4002020526561736F6E3A20466C6173682065
:10B7D4006E65766572207772697474656E2028666A
:10B7E4006972737420626F6F74290D0A000000007F
:10B7F4002020526561736F6E3A20435243206D6975
:10B80400736D6174636820286461746120636F726E
:10B81400727570746564290D0A0000002020537449
:10B824006F7265642049503A20000000202053457F
:10B834004C462D5445535420434F4D504C4554458C
:10B844000D0A00003D3D3D3D3D3D3D3D3D3D3D3D01
:10B854003D3D3D3D3D3D3D3D3D3D3D3D3D3D3D3D14
:10B864003D3D3D3D3D3D3D3D3D3D3D3D0D0A0D0ACA
:10B8740000000000000000000000000001020304BA
:10B88400060708090000000001020304020304057E
:10B89400060708090A0B0C0D0E0F10100102000018
:10B8A4002E0000000D0A00000000C07F0000C1C08F
:10B8B40081C1400101C3C003800241C201C6C00668
:10B8C400800741C70005C1C581C4400401CCC00C38
:10B8D400800D41CD000FC1CF81CE400E000AC1CAF8
:10B8E40081CB400B01C9C009800841C801D8C018E8
:10B8F400801941D9001BC1DB81DA401A001EC1DE68
:10B9040081DF401F01DDC01D801C41DC0014C1D457
:10B9140081D5401501D7C017801641D601D2C01277
:10B92400801341D30011C1D181D0401001F0C03047
:10B93400803141F10033C1F381F240320036C1F667
:10B9440081F7403701F5C035803441F4003CC1FC37
:10B9540081FD403D01FFC03F803E41FE01FAC03AF7
:10B96400803B41FB0039C1F981F840380028C1E827
:10B9740081E9402901EBC02B802A41EA01EEC02E67
:10B98400802F41EF002DC1ED81EC402C01E4C02457
:10B99400802541E50027C1E781E640260022C1E277
:10B9A40081E3402301E1C021802041E001A0C06087
:10B9B400806141A10063C1A381A240620066C1A667
:10B9C40081A7406701A5C065806441A4006CC1AC37
:10B9D40081AD406D01AFC06F806E41AE01AAC06AF7
:10B9E400806B41AB0069C1A981A840680078C1B8E7
:10B9F40081B9407901BBC07B807A41BA01BEC07E67
:10BA0400807F41BF007DC1BD81BC407C01B4C07456
:10BA1400807541B50077C1B781B640760072C1B276
:10BA240081B3407301B1C071807041B00050C190C6
:10BA3400819140510193C053805241920196C05666
:10BA4400805741970055C19581944054019CC05C36
:10BA5400805D419D005FC19F819E405E005AC19AF6
:10BA6400819B405B0199C059805841980188C04826
:10BA740080494189004BC18B818A404A004EC18E66
:10BA8400818F404F018DC04D804C418C0044C18456
:10BA9400818540450187C047804641860182C04276
:10BAA400804341830041C181818040400100030003
:10BAB4000500100030003E0050005B0070007B0069
:10BAC4007C00930000010B01000200021002150229
:10BAD4000102030302010303010202020202020241
:10BAE4000202020202020202020202020202020232
:10BAF4000203030303030303030303030303030313
:0CBB04000303030303030303030000001A
:08BB10007853FF7F01000000E3
:04BB180035010008EB
:04BB1C00110100080B
:10BB200000127A0010000000010000000008DC0193
:10BB30000203C0A8010CFFFFFF00C0A80101485389
:10BB40002D30303030303030310000000000000146
:10BB50000000000004B4000818B400082CB4000869
:10BB600040B4000854B4000868B400087CB400086D
:10BB700090B40008A4B40008B4B40008C4B4000829
:10BB8000D4B40008E4B40008F8B400080CB5000808
:04BB900020B50008D4
:040000050800712559
:00000001FF
